<application>
  <component name="FileTypeManager" version="17">
    <ignoreFiles list="*$py.class;*.hprof;*.pyc;*.pyo;*.rbc;*.yarb;*~;.DS_Store;.git;.hg;.svn;CVS;__pycache__;_svn;vssver.scc;vssver2.scc;" />
    <extensionMap>
      <mapping pattern="test" type="PLAIN_TEXT" />
      <mapping pattern=".pacific_passwords" type="PLAIN_TEXT" />
      <mapping pattern="LICENSE" type="PLAIN_TEXT" />
      <mapping pattern=".nile_passwords" type="PLAIN_TEXT" />
      <mapping ext="in" type="PLAIN_TEXT" />
    </extensionMap>
  </component>
</application>