<application>
  <component name="ProjectJdkTable">
    <jdk version="2">
      <name value="Python 3.7" />
      <type value="Python SDK" />
      <homePath value="/usr/bin/python3.7" />
      <roots>
        <classPath>
          <root type="composite">
            <root url="file:///usr/lib/python3.7" type="simple" />
            <root url="file:///usr/lib/python3.7/lib-dynload" type="simple" />
            <root url="file:///usr/lib/python3.7/site-packages" type="simple" />
            <root url="file:///app/lib/python3.7/site-packages" type="simple" />
            <root url="file://$USER_HOME$/.PyCharmCE2018.2/system/python_stubs/-1247971762" type="simple" />
            <root url="file://$APPLICATION_HOME_DIR$/helpers/python-skeletons" type="simple" />
            <root url="file://$APPLICATION_HOME_DIR$/helpers/typeshed/stdlib/3.4" type="simple" />
            <root url="file://$APPLICATION_HOME_DIR$/helpers/typeshed/stdlib/3" type="simple" />
            <root url="file://$APPLICATION_HOME_DIR$/helpers/typeshed/stdlib/2and3" type="simple" />
            <root url="file://$APPLICATION_HOME_DIR$/helpers/typeshed/third_party/3" type="simple" />
            <root url="file://$APPLICATION_HOME_DIR$/helpers/typeshed/third_party/2and3" type="simple" />
          </root>
        </classPath>
        <sourcePath>
          <root type="composite" />
        </sourcePath>
      </roots>
      <additional />
    </jdk>
    <jdk version="2">
      <name value="Python 3.7 (test1)" />
      <type value="Python SDK" />
      <homePath value="$USER_HOME$/PycharmProjects/test1/venv/bin/python" />
      <roots>
        <classPath>
          <root type="composite">
            <root url="file:///usr/lib/python3.7" type="simple" />
            <root url="file:///usr/lib/python3.7/lib-dynload" type="simple" />
            <root url="file://$USER_HOME$/PycharmProjects/test1/venv/lib/python3.7/site-packages" type="simple" />
            <root url="jar://$USER_HOME$/PycharmProjects/test1/venv/lib/python3.7/site-packages/setuptools-39.1.0-py3.7.egg!/" type="simple" />
            <root url="file://$USER_HOME$/PycharmProjects/test1/venv/lib/python3.7/site-packages/pip-10.0.1-py3.7.egg" type="simple" />
            <root url="file://$USER_HOME$/.PyCharmCE2018.2/system/python_stubs/1192393628" type="simple" />
            <root url="file://$APPLICATION_HOME_DIR$/helpers/python-skeletons" type="simple" />
            <root url="file://$APPLICATION_HOME_DIR$/helpers/typeshed/stdlib/3.4" type="simple" />
            <root url="file://$APPLICATION_HOME_DIR$/helpers/typeshed/stdlib/3" type="simple" />
            <root url="file://$APPLICATION_HOME_DIR$/helpers/typeshed/stdlib/2and3" type="simple" />
            <root url="file://$APPLICATION_HOME_DIR$/helpers/typeshed/third_party/3" type="simple" />
            <root url="file://$APPLICATION_HOME_DIR$/helpers/typeshed/third_party/2and3" type="simple" />
          </root>
        </classPath>
        <sourcePath>
          <root type="composite" />
        </sourcePath>
      </roots>
      <additional ASSOCIATED_PROJECT_PATH="$USER_HOME$/PycharmProjects/test1" />
    </jdk>
    <jdk version="2">
      <name value="Python 3.6 (ocean-web3)" />
      <type value="Python SDK" />
      <homePath value="$USER_HOME$/anaconda3/envs/ocean-web3/bin/python" />
      <roots>
        <classPath>
          <root type="composite">
            <root url="file://$USER_HOME$/anaconda3/envs/ocean-web3/lib/python3.6" type="simple" />
            <root url="file://$USER_HOME$/anaconda3/envs/ocean-web3/lib/python3.6/lib-dynload" type="simple" />
            <root url="file://$USER_HOME$/.local/lib/python3.6/site-packages" type="simple" />
            <root url="file://$USER_HOME$/anaconda3/envs/ocean-web3/lib/python3.6/site-packages" type="simple" />
            <root url="file://$USER_HOME$/.PyCharmCE2018.2/system/python_stubs/-1011137204" type="simple" />
            <root url="file://$APPLICATION_HOME_DIR$/helpers/python-skeletons" type="simple" />
            <root url="file://$APPLICATION_HOME_DIR$/helpers/typeshed/stdlib/3.4" type="simple" />
            <root url="file://$APPLICATION_HOME_DIR$/helpers/typeshed/stdlib/3" type="simple" />
            <root url="file://$APPLICATION_HOME_DIR$/helpers/typeshed/stdlib/2and3" type="simple" />
            <root url="file://$APPLICATION_HOME_DIR$/helpers/typeshed/third_party/3" type="simple" />
            <root url="file://$APPLICATION_HOME_DIR$/helpers/typeshed/third_party/2and3" type="simple" />
          </root>
        </classPath>
        <sourcePath>
          <root type="composite" />
        </sourcePath>
      </roots>
      <additional ASSOCIATED_PROJECT_PATH="$USER_HOME$/ocn/ocean-web3" />
    </jdk>
    <jdk version="2">
      <name value="Python 3.7 (ocean-web3)" />
      <type value="Python SDK" />
      <homePath value="$USER_HOME$/ocn/ocean-web3/venv/bin/python" />
      <roots>
        <classPath>
          <root type="composite">
            <root url="file:///usr/lib/python3.7" type="simple" />
            <root url="file:///usr/lib/python3.7/lib-dynload" type="simple" />
            <root url="file://$USER_HOME$/ocn/ocean-web3/venv/lib/python3.7/site-packages" type="simple" />
            <root url="jar://$USER_HOME$/ocn/ocean-web3/venv/lib/python3.7/site-packages/setuptools-39.1.0-py3.7.egg!/" type="simple" />
            <root url="file://$USER_HOME$/ocn/ocean-web3/venv/lib/python3.7/site-packages/pip-10.0.1-py3.7.egg" type="simple" />
            <root url="file://$USER_HOME$/.PyCharmCE2018.2/system/python_stubs/890601081" type="simple" />
            <root url="file://$APPLICATION_HOME_DIR$/helpers/python-skeletons" type="simple" />
            <root url="file://$APPLICATION_HOME_DIR$/helpers/typeshed/stdlib/3.4" type="simple" />
            <root url="file://$APPLICATION_HOME_DIR$/helpers/typeshed/stdlib/3" type="simple" />
            <root url="file://$APPLICATION_HOME_DIR$/helpers/typeshed/stdlib/2and3" type="simple" />
            <root url="file://$APPLICATION_HOME_DIR$/helpers/typeshed/third_party/3" type="simple" />
            <root url="file://$APPLICATION_HOME_DIR$/helpers/typeshed/third_party/2and3" type="simple" />
          </root>
        </classPath>
        <sourcePath>
          <root type="composite" />
        </sourcePath>
      </roots>
      <additional ASSOCIATED_PROJECT_PATH="$USER_HOME$/ocn/ocean-web3" />
    </jdk>
    <jdk version="2">
      <name value="Python 3.6 (provider_ocn)" />
      <type value="Python SDK" />
      <version value="Python 3.6.0" />
      <homePath value="$USER_HOME$/anaconda3/envs/provider_ocn/bin/python" />
      <roots>
        <classPath>
          <root type="composite">
            <root url="file://$USER_HOME$/anaconda3/envs/provider_ocn/lib/python3.6" type="simple" />
            <root url="file://$USER_HOME$/anaconda3/envs/provider_ocn/lib/python3.6/lib-dynload" type="simple" />
            <root url="file://$USER_HOME$/.local/lib/python3.6/site-packages" type="simple" />
            <root url="file://$USER_HOME$/anaconda3/envs/provider_ocn/lib/python3.6/site-packages" type="simple" />
            <root url="file://$USER_HOME$/.PyCharmCE2018.2/system/python_stubs/1697221070" type="simple" />
            <root url="file://$APPLICATION_HOME_DIR$/helpers/python-skeletons" type="simple" />
            <root url="file://$APPLICATION_HOME_DIR$/helpers/typeshed/stdlib/3.4" type="simple" />
            <root url="file://$APPLICATION_HOME_DIR$/helpers/typeshed/stdlib/3" type="simple" />
            <root url="file://$APPLICATION_HOME_DIR$/helpers/typeshed/stdlib/2and3" type="simple" />
            <root url="file://$APPLICATION_HOME_DIR$/helpers/typeshed/third_party/3" type="simple" />
            <root url="file://$APPLICATION_HOME_DIR$/helpers/typeshed/third_party/2and3" type="simple" />
          </root>
        </classPath>
        <sourcePath>
          <root type="composite" />
        </sourcePath>
      </roots>
      <additional ASSOCIATED_PROJECT_PATH="$USER_HOME$/ocn/provider" />
    </jdk>
    <jdk version="2">
      <name value="Python 3.6 (squid-py)" />
      <type value="Python SDK" />
      <version value="Python 3.7.1" />
      <homePath value="$USER_HOME$/anaconda3/envs/squid-py/bin/python" />
      <roots>
        <classPath>
          <root type="composite">
            <root url="file://$USER_HOME$/anaconda3/envs/squid-py/lib/python3.6" type="simple" />
            <root url="file://$USER_HOME$/anaconda3/envs/squid-py/lib/python3.6/lib-dynload" type="simple" />
            <root url="file://$USER_HOME$/.local/lib/python3.6/site-packages" type="simple" />
            <root url="file://$USER_HOME$/anaconda3/envs/squid-py/lib/python3.6/site-packages" type="simple" />
            <root url="file://$USER_HOME$/.PyCharmCE2018.2/system/python_stubs/1726382998" type="simple" />
            <root url="file://$APPLICATION_HOME_DIR$/helpers/python-skeletons" type="simple" />
            <root url="file://$APPLICATION_HOME_DIR$/helpers/typeshed/stdlib/3.4" type="simple" />
            <root url="file://$APPLICATION_HOME_DIR$/helpers/typeshed/stdlib/3" type="simple" />
            <root url="file://$APPLICATION_HOME_DIR$/helpers/typeshed/stdlib/2and3" type="simple" />
            <root url="file://$APPLICATION_HOME_DIR$/helpers/typeshed/third_party/3" type="simple" />
            <root url="file://$APPLICATION_HOME_DIR$/helpers/typeshed/third_party/2and3" type="simple" />
          </root>
        </classPath>
        <sourcePath>
          <root type="composite" />
        </sourcePath>
      </roots>
      <additional ASSOCIATED_PROJECT_PATH="$USER_HOME$/ocn/squid-py" />
    </jdk>
    <jdk version="2">
      <name value="Python 3.6 (sqtestdel)" />
      <type value="Python SDK" />
      <homePath value="$USER_HOME$/anaconda3/envs/sqtestdel/bin/python" />
      <roots>
        <classPath>
          <root type="composite">
            <root url="file://$USER_HOME$/anaconda3/envs/sqtestdel/lib/python3.6" type="simple" />
            <root url="file://$USER_HOME$/anaconda3/envs/sqtestdel/lib/python3.6/lib-dynload" type="simple" />
            <root url="file://$USER_HOME$/.local/lib/python3.6/site-packages" type="simple" />
            <root url="file://$USER_HOME$/anaconda3/envs/sqtestdel/lib/python3.6/site-packages" type="simple" />
            <root url="file://$USER_HOME$/.PyCharmCE2018.2/system/python_stubs/80138737" type="simple" />
            <root url="file://$APPLICATION_HOME_DIR$/helpers/python-skeletons" type="simple" />
            <root url="file://$APPLICATION_HOME_DIR$/helpers/typeshed/stdlib/3.4" type="simple" />
            <root url="file://$APPLICATION_HOME_DIR$/helpers/typeshed/stdlib/3" type="simple" />
            <root url="file://$APPLICATION_HOME_DIR$/helpers/typeshed/stdlib/2and3" type="simple" />
            <root url="file://$APPLICATION_HOME_DIR$/helpers/typeshed/third_party/3" type="simple" />
            <root url="file://$APPLICATION_HOME_DIR$/helpers/typeshed/third_party/2and3" type="simple" />
          </root>
        </classPath>
        <sourcePath>
          <root type="composite" />
        </sourcePath>
      </roots>
      <additional ASSOCIATED_PROJECT_PATH="$USER_HOME$/ocn/squid-py" />
    </jdk>
    <jdk version="2">
      <name value="Python 3.6 (ocnprovidertest3)" />
      <type value="Python SDK" />
      <homePath value="$USER_HOME$/anaconda3/envs/ocnprovidertest3/bin/python" />
      <roots>
        <classPath>
          <root type="composite">
            <root url="file://$USER_HOME$/anaconda3/envs/ocnprovidertest3/lib/python3.7" type="simple" />
            <root url="file://$USER_HOME$/anaconda3/envs/ocnprovidertest3/lib/python3.7/lib-dynload" type="simple" />
            <root url="file://$USER_HOME$/anaconda3/envs/ocnprovidertest3/lib/python3.7/site-packages" type="simple" />
            <root url="file://$USER_HOME$/.PyCharmCE2018.2/system/python_stubs/-2052680156" type="simple" />
            <root url="file://$APPLICATION_HOME_DIR$/helpers/python-skeletons" type="simple" />
            <root url="file://$APPLICATION_HOME_DIR$/helpers/typeshed/stdlib/3.4" type="simple" />
            <root url="file://$APPLICATION_HOME_DIR$/helpers/typeshed/stdlib/3" type="simple" />
            <root url="file://$APPLICATION_HOME_DIR$/helpers/typeshed/stdlib/2and3" type="simple" />
            <root url="file://$APPLICATION_HOME_DIR$/helpers/typeshed/third_party/3" type="simple" />
            <root url="file://$APPLICATION_HOME_DIR$/helpers/typeshed/third_party/2and3" type="simple" />
          </root>
        </classPath>
        <sourcePath>
          <root type="composite" />
        </sourcePath>
      </roots>
      <additional ASSOCIATED_PROJECT_PATH="$USER_HOME$/ocn/provider" />
    </jdk>
    <jdk version="2">
      <name value="Python 3.6 (ocnprovidertest10)" />
      <type value="Python SDK" />
      <version value="Python 3.6.5" />
      <homePath value="$USER_HOME$/anaconda3/envs/ocnprovidertest10/bin/python" />
      <roots>
        <classPath>
          <root type="composite">
            <root url="file://$USER_HOME$/anaconda3/envs/ocnprovidertest10/lib/python3.6" type="simple" />
            <root url="file://$USER_HOME$/anaconda3/envs/ocnprovidertest10/lib/python3.6/lib-dynload" type="simple" />
            <root url="file://$USER_HOME$/.local/lib/python3.6/site-packages" type="simple" />
            <root url="file://$USER_HOME$/anaconda3/envs/ocnprovidertest10/lib/python3.6/site-packages" type="simple" />
            <root url="file://$USER_HOME$/.PyCharmCE2018.2/system/python_stubs/802494832" type="simple" />
            <root url="file://$APPLICATION_HOME_DIR$/helpers/python-skeletons" type="simple" />
            <root url="file://$APPLICATION_HOME_DIR$/helpers/typeshed/stdlib/3.4" type="simple" />
            <root url="file://$APPLICATION_HOME_DIR$/helpers/typeshed/stdlib/3" type="simple" />
            <root url="file://$APPLICATION_HOME_DIR$/helpers/typeshed/stdlib/2and3" type="simple" />
            <root url="file://$APPLICATION_HOME_DIR$/helpers/typeshed/third_party/3" type="simple" />
            <root url="file://$APPLICATION_HOME_DIR$/helpers/typeshed/third_party/2and3" type="simple" />
          </root>
        </classPath>
        <sourcePath>
          <root type="composite" />
        </sourcePath>
      </roots>
      <additional ASSOCIATED_PROJECT_PATH="$USER_HOME$/ocn/squid-py" />
    </jdk>
    <jdk version="2">
      <name value="Python 3.6 (ocnprovidertest10) (1)" />
      <type value="Python SDK" />
      <version value="Python 3.6.5" />
      <homePath value="$USER_HOME$/anaconda3/envs/ocnprovidertest10/bin/python" />
      <roots>
        <classPath>
          <root type="composite">
            <root url="file://$USER_HOME$/anaconda3/envs/ocnprovidertest10/lib/python3.6" type="simple" />
            <root url="file://$USER_HOME$/anaconda3/envs/ocnprovidertest10/lib/python3.6/lib-dynload" type="simple" />
            <root url="file://$USER_HOME$/.local/lib/python3.6/site-packages" type="simple" />
            <root url="file://$USER_HOME$/anaconda3/envs/ocnprovidertest10/lib/python3.6/site-packages" type="simple" />
            <root url="file://$USER_HOME$/.PyCharmCE2018.2/system/python_stubs/802494832" type="simple" />
            <root url="file://$APPLICATION_HOME_DIR$/helpers/python-skeletons" type="simple" />
            <root url="file://$APPLICATION_HOME_DIR$/helpers/typeshed/stdlib/3.4" type="simple" />
            <root url="file://$APPLICATION_HOME_DIR$/helpers/typeshed/stdlib/3" type="simple" />
            <root url="file://$APPLICATION_HOME_DIR$/helpers/typeshed/stdlib/2and3" type="simple" />
            <root url="file://$APPLICATION_HOME_DIR$/helpers/typeshed/third_party/3" type="simple" />
            <root url="file://$APPLICATION_HOME_DIR$/helpers/typeshed/third_party/2and3" type="simple" />
          </root>
        </classPath>
        <sourcePath>
          <root type="composite" />
        </sourcePath>
      </roots>
      <additional ASSOCIATED_PROJECT_PATH="$USER_HOME$/ocn/provider" />
    </jdk>
    <jdk version="2">
      <name value="Python 3.6 (ocnprovidertest11)" />
      <type value="Python SDK" />
      <homePath value="$USER_HOME$/anaconda3/envs/ocnprovidertest11/bin/python" />
      <roots>
        <classPath>
          <root type="composite">
            <root url="file://$USER_HOME$/anaconda3/envs/ocnprovidertest11/lib/python3.6" type="simple" />
            <root url="file://$USER_HOME$/anaconda3/envs/ocnprovidertest11/lib/python3.6/lib-dynload" type="simple" />
            <root url="file://$USER_HOME$/.local/lib/python3.6/site-packages" type="simple" />
            <root url="file://$USER_HOME$/anaconda3/envs/ocnprovidertest11/lib/python3.6/site-packages" type="simple" />
            <root url="file://$USER_HOME$/.PyCharmCE2018.2/system/python_stubs/931577551" type="simple" />
            <root url="file://$APPLICATION_HOME_DIR$/helpers/python-skeletons" type="simple" />
            <root url="file://$APPLICATION_HOME_DIR$/helpers/typeshed/stdlib/3.4" type="simple" />
            <root url="file://$APPLICATION_HOME_DIR$/helpers/typeshed/stdlib/3" type="simple" />
            <root url="file://$APPLICATION_HOME_DIR$/helpers/typeshed/stdlib/2and3" type="simple" />
            <root url="file://$APPLICATION_HOME_DIR$/helpers/typeshed/third_party/3" type="simple" />
            <root url="file://$APPLICATION_HOME_DIR$/helpers/typeshed/third_party/2and3" type="simple" />
          </root>
        </classPath>
        <sourcePath>
          <root type="composite" />
        </sourcePath>
      </roots>
      <additional ASSOCIATED_PROJECT_PATH="$USER_HOME$/ocn/provider" />
    </jdk>
    <jdk version="2">
      <name value="Python 3.6 (ocn_provider)" />
      <type value="Python SDK" />
      <homePath value="$USER_HOME$/anaconda3/envs/ocn_provider/bin/python" />
      <roots>
        <classPath>
          <root type="composite">
            <root url="file://$USER_HOME$/anaconda3/envs/ocn_provider/lib/python3.6" type="simple" />
            <root url="file://$USER_HOME$/anaconda3/envs/ocn_provider/lib/python3.6/lib-dynload" type="simple" />
            <root url="file://$USER_HOME$/.local/lib/python3.6/site-packages" type="simple" />
            <root url="file://$USER_HOME$/anaconda3/envs/ocn_provider/lib/python3.6/site-packages" type="simple" />
            <root url="file://$USER_HOME$/.PyCharmCE2018.2/system/python_stubs/862131684" type="simple" />
            <root url="file://$APPLICATION_HOME_DIR$/helpers/python-skeletons" type="simple" />
            <root url="file://$APPLICATION_HOME_DIR$/helpers/typeshed/stdlib/3.4" type="simple" />
            <root url="file://$APPLICATION_HOME_DIR$/helpers/typeshed/stdlib/3" type="simple" />
            <root url="file://$APPLICATION_HOME_DIR$/helpers/typeshed/stdlib/2and3" type="simple" />
            <root url="file://$APPLICATION_HOME_DIR$/helpers/typeshed/third_party/3" type="simple" />
            <root url="file://$APPLICATION_HOME_DIR$/helpers/typeshed/third_party/2and3" type="simple" />
          </root>
        </classPath>
        <sourcePath>
          <root type="composite" />
        </sourcePath>
      </roots>
      <additional ASSOCIATED_PROJECT_PATH="$USER_HOME$/ocn/provider" />
    </jdk>
    <jdk version="2">
      <name value="Python 3.6 (ocn_provider3)" />
      <type value="Python SDK" />
      <homePath value="$USER_HOME$/anaconda3/envs/ocn_provider3/bin/python" />
      <roots>
        <classPath>
          <root type="composite">
            <root url="file://$USER_HOME$/anaconda3/envs/ocn_provider3/lib/python3.6" type="simple" />
            <root url="file://$USER_HOME$/anaconda3/envs/ocn_provider3/lib/python3.6/lib-dynload" type="simple" />
            <root url="file://$USER_HOME$/.local/lib/python3.6/site-packages" type="simple" />
            <root url="file://$USER_HOME$/anaconda3/envs/ocn_provider3/lib/python3.6/site-packages" type="simple" />
            <root url="file://$USER_HOME$/.PyCharmCE2018.2/system/python_stubs/767790799" type="simple" />
            <root url="file://$APPLICATION_HOME_DIR$/helpers/python-skeletons" type="simple" />
            <root url="file://$APPLICATION_HOME_DIR$/helpers/typeshed/stdlib/3.4" type="simple" />
            <root url="file://$APPLICATION_HOME_DIR$/helpers/typeshed/stdlib/3" type="simple" />
            <root url="file://$APPLICATION_HOME_DIR$/helpers/typeshed/stdlib/2and3" type="simple" />
            <root url="file://$APPLICATION_HOME_DIR$/helpers/typeshed/third_party/3" type="simple" />
            <root url="file://$APPLICATION_HOME_DIR$/helpers/typeshed/third_party/2and3" type="simple" />
          </root>
        </classPath>
        <sourcePath>
          <root type="composite" />
        </sourcePath>
      </roots>
      <additional ASSOCIATED_PROJECT_PATH="$USER_HOME$/ocn/squid-py" />
    </jdk>
    <jdk version="2">
      <name value="Python 3.6 (squid2)" />
      <type value="Python SDK" />
      <homePath value="$USER_HOME$/anaconda3/envs/squid2/bin/python" />
      <roots>
        <classPath>
          <root type="composite">
            <root url="file://$USER_HOME$/anaconda3/envs/squid2/lib/python3.7" type="simple" />
            <root url="file://$USER_HOME$/anaconda3/envs/squid2/lib/python3.7/lib-dynload" type="simple" />
            <root url="file://$USER_HOME$/.local/lib/python3.7/site-packages" type="simple" />
            <root url="file://$USER_HOME$/anaconda3/envs/squid2/lib/python3.7/site-packages" type="simple" />
            <root url="file://$USER_HOME$/.PyCharm2018.3/system/python_stubs/1574438682" type="simple" />
            <root url="file://$APPLICATION_HOME_DIR$/helpers/python-skeletons" type="simple" />
            <root url="file://$APPLICATION_HOME_DIR$/helpers/typeshed/stdlib/3" type="simple" />
            <root url="file://$APPLICATION_HOME_DIR$/helpers/typeshed/stdlib/2and3" type="simple" />
            <root url="file://$APPLICATION_HOME_DIR$/helpers/typeshed/third_party/3" type="simple" />
            <root url="file://$APPLICATION_HOME_DIR$/helpers/typeshed/third_party/2and3" type="simple" />
          </root>
        </classPath>
        <sourcePath>
          <root type="composite" />
        </sourcePath>
      </roots>
      <additional ASSOCIATED_PROJECT_PATH="$USER_HOME$/ocn/squid-py" />
    </jdk>
    <jdk version="2">
      <name value="Python 3.6 (osmosis-driver-interface2)" />
      <type value="Python SDK" />
      <version value="Python 3.6.0" />
      <homePath value="$USER_HOME$/anaconda3/envs/osmosis-driver-interface2/bin/python" />
      <roots>
        <classPath>
          <root type="composite">
            <root url="file://$USER_HOME$/anaconda3/envs/osmosis-driver-interface2/lib/python3.6" type="simple" />
            <root url="file://$USER_HOME$/anaconda3/envs/osmosis-driver-interface2/lib/python3.6/lib-dynload" type="simple" />
            <root url="file://$USER_HOME$/.local/lib/python3.6/site-packages" type="simple" />
            <root url="file://$USER_HOME$/anaconda3/envs/osmosis-driver-interface2/lib/python3.6/site-packages" type="simple" />
            <root url="file://$USER_HOME$/.PyCharm2018.2/system/python_stubs/-301412668" type="simple" />
            <root url="file://$APPLICATION_HOME_DIR$/helpers/python-skeletons" type="simple" />
            <root url="file://$APPLICATION_HOME_DIR$/helpers/typeshed/stdlib/3.4" type="simple" />
            <root url="file://$APPLICATION_HOME_DIR$/helpers/typeshed/stdlib/3" type="simple" />
            <root url="file://$APPLICATION_HOME_DIR$/helpers/typeshed/stdlib/2and3" type="simple" />
            <root url="file://$APPLICATION_HOME_DIR$/helpers/typeshed/third_party/3" type="simple" />
            <root url="file://$APPLICATION_HOME_DIR$/helpers/typeshed/third_party/2and3" type="simple" />
          </root>
        </classPath>
        <sourcePath>
          <root type="composite" />
        </sourcePath>
      </roots>
      <additional ASSOCIATED_PROJECT_PATH="$USER_HOME$/ocn/osmosis-driver-interface" />
    </jdk>
    <jdk version="2">
      <name value="Python 3.6 (osmosis-aws)" />
      <type value="Python SDK" />
      <homePath value="$USER_HOME$/anaconda3/envs/osmosis-aws/bin/python" />
      <roots>
        <classPath>
          <root type="composite">
            <root url="file://$USER_HOME$/anaconda3/envs/osmosis-aws/lib/python3.6" type="simple" />
            <root url="file://$USER_HOME$/anaconda3/envs/osmosis-aws/lib/python3.6/lib-dynload" type="simple" />
            <root url="file://$USER_HOME$/.local/lib/python3.6/site-packages" type="simple" />
            <root url="file://$USER_HOME$/anaconda3/envs/osmosis-aws/lib/python3.6/site-packages" type="simple" />
            <root url="file://$USER_HOME$/ocn/osmosis-driver-interface" type="simple" />
            <root url="file://$USER_HOME$/.PyCharm2018.2/system/python_stubs/-467880571" type="simple" />
            <root url="file://$APPLICATION_HOME_DIR$/helpers/python-skeletons" type="simple" />
            <root url="file://$APPLICATION_HOME_DIR$/helpers/typeshed/stdlib/3.4" type="simple" />
            <root url="file://$APPLICATION_HOME_DIR$/helpers/typeshed/stdlib/3" type="simple" />
            <root url="file://$APPLICATION_HOME_DIR$/helpers/typeshed/stdlib/2and3" type="simple" />
            <root url="file://$APPLICATION_HOME_DIR$/helpers/typeshed/third_party/3" type="simple" />
            <root url="file://$APPLICATION_HOME_DIR$/helpers/typeshed/third_party/2and3" type="simple" />
          </root>
        </classPath>
        <sourcePath>
          <root type="composite" />
        </sourcePath>
      </roots>
      <additional ASSOCIATED_PROJECT_PATH="$USER_HOME$/ocn/osmosis-aws-driver" />
    </jdk>
    <jdk version="2">
      <name value="Python 3.6 (mantaray1)" />
      <type value="Python SDK" />
      <version value="Python 3.6.6" />
      <homePath value="$USER_HOME$/anaconda3/envs/mantaray1/bin/python" />
      <roots>
        <classPath>
          <root type="composite">
            <root url="file://$USER_HOME$/anaconda3/envs/mantaray1/lib/python3.6" type="simple" />
            <root url="file://$USER_HOME$/anaconda3/envs/mantaray1/lib/python3.6/lib-dynload" type="simple" />
            <root url="file://$USER_HOME$/.local/lib/python3.6/site-packages" type="simple" />
            <root url="file://$USER_HOME$/anaconda3/envs/mantaray1/lib/python3.6/site-packages" type="simple" />
            <root url="file://$USER_HOME$/.PyCharm2018.2/system/python_stubs/-2120745186" type="simple" />
            <root url="file://$APPLICATION_HOME_DIR$/helpers/python-skeletons" type="simple" />
            <root url="file://$APPLICATION_HOME_DIR$/helpers/typeshed/stdlib/3.4" type="simple" />
            <root url="file://$APPLICATION_HOME_DIR$/helpers/typeshed/stdlib/3" type="simple" />
            <root url="file://$APPLICATION_HOME_DIR$/helpers/typeshed/stdlib/2and3" type="simple" />
            <root url="file://$APPLICATION_HOME_DIR$/helpers/typeshed/third_party/3" type="simple" />
            <root url="file://$APPLICATION_HOME_DIR$/helpers/typeshed/third_party/2and3" type="simple" />
          </root>
        </classPath>
        <sourcePath>
          <root type="composite" />
        </sourcePath>
      </roots>
      <additional ASSOCIATED_PROJECT_PATH="$USER_HOME$/ocn/mantaray" />
    </jdk>
    <jdk version="2">
      <name value="Python 3.6 (ocn_provider2)" />
      <type value="Python SDK" />
      <homePath value="$USER_HOME$/anaconda3/envs/ocn_provider2/bin/python" />
      <roots>
        <classPath>
          <root type="composite">
            <root url="file://$USER_HOME$/anaconda3/envs/ocn_provider2/lib/python3.6" type="simple" />
            <root url="file://$USER_HOME$/anaconda3/envs/ocn_provider2/lib/python3.6/lib-dynload" type="simple" />
            <root url="file://$USER_HOME$/.local/lib/python3.6/site-packages" type="simple" />
            <root url="file://$USER_HOME$/anaconda3/envs/ocn_provider2/lib/python3.6/site-packages" type="simple" />
            <root url="file://$USER_HOME$/.PyCharm2018.2/system/python_stubs/638708080" type="simple" />
            <root url="file://$APPLICATION_HOME_DIR$/helpers/python-skeletons" type="simple" />
            <root url="file://$APPLICATION_HOME_DIR$/helpers/typeshed/stdlib/3.4" type="simple" />
            <root url="file://$APPLICATION_HOME_DIR$/helpers/typeshed/stdlib/3" type="simple" />
            <root url="file://$APPLICATION_HOME_DIR$/helpers/typeshed/stdlib/2and3" type="simple" />
            <root url="file://$APPLICATION_HOME_DIR$/helpers/typeshed/third_party/3" type="simple" />
            <root url="file://$APPLICATION_HOME_DIR$/helpers/typeshed/third_party/2and3" type="simple" />
          </root>
        </classPath>
        <sourcePath>
          <root type="composite" />
        </sourcePath>
      </roots>
      <additional ASSOCIATED_PROJECT_PATH="$USER_HOME$/ocn/provider" />
    </jdk>
    <jdk version="2">
      <name value="Python 3.6 (muleai)" />
      <type value="Python SDK" />
      <version value="Python 3.6.6" />
      <homePath value="$USER_HOME$/anaconda3/envs/muleai/bin/python" />
      <roots>
        <classPath>
          <root type="composite">
            <root url="file://$USER_HOME$/anaconda3/envs/muleai/lib/python3.6" type="simple" />
            <root url="file://$USER_HOME$/anaconda3/envs/muleai/lib/python3.6/lib-dynload" type="simple" />
            <root url="file://$USER_HOME$/.local/lib/python3.6/site-packages" type="simple" />
            <root url="file://$USER_HOME$/anaconda3/envs/muleai/lib/python3.6/site-packages" type="simple" />
            <root url="file://$USER_HOME$/.PyCharm2018.2/system/python_stubs/731372465" type="simple" />
            <root url="file://$APPLICATION_HOME_DIR$/helpers/python-skeletons" type="simple" />
            <root url="file://$APPLICATION_HOME_DIR$/helpers/typeshed/stdlib/3.4" type="simple" />
            <root url="file://$APPLICATION_HOME_DIR$/helpers/typeshed/stdlib/3" type="simple" />
            <root url="file://$APPLICATION_HOME_DIR$/helpers/typeshed/stdlib/2and3" type="simple" />
            <root url="file://$APPLICATION_HOME_DIR$/helpers/typeshed/third_party/3" type="simple" />
            <root url="file://$APPLICATION_HOME_DIR$/helpers/typeshed/third_party/2and3" type="simple" />
          </root>
        </classPath>
        <sourcePath>
          <root type="composite" />
        </sourcePath>
      </roots>
      <additional ASSOCIATED_PROJECT_PATH="$USER_HOME$/git/muleAI" />
    </jdk>
    <jdk version="2">
      <name value="Python 3.6 (muleai) (1)" />
      <type value="Python SDK" />
      <version value="Python 3.6.6" />
      <homePath value="$USER_HOME$/anaconda3/envs/muleai/bin/python" />
      <roots>
        <classPath>
          <root type="composite">
            <root url="file://$USER_HOME$/anaconda3/envs/muleai/lib/python3.6" type="simple" />
            <root url="file://$USER_HOME$/anaconda3/envs/muleai/lib/python3.6/lib-dynload" type="simple" />
            <root url="file://$USER_HOME$/.local/lib/python3.6/site-packages" type="simple" />
            <root url="file://$USER_HOME$/anaconda3/envs/muleai/lib/python3.6/site-packages" type="simple" />
            <root url="file://$USER_HOME$/.PyCharm2018.2/system/python_stubs/731372465" type="simple" />
            <root url="file://$APPLICATION_HOME_DIR$/helpers/python-skeletons" type="simple" />
            <root url="file://$APPLICATION_HOME_DIR$/helpers/typeshed/stdlib/3.4" type="simple" />
            <root url="file://$APPLICATION_HOME_DIR$/helpers/typeshed/stdlib/3" type="simple" />
            <root url="file://$APPLICATION_HOME_DIR$/helpers/typeshed/stdlib/2and3" type="simple" />
            <root url="file://$APPLICATION_HOME_DIR$/helpers/typeshed/third_party/3" type="simple" />
            <root url="file://$APPLICATION_HOME_DIR$/helpers/typeshed/third_party/2and3" type="simple" />
          </root>
        </classPath>
        <sourcePath>
          <root type="composite" />
        </sourcePath>
      </roots>
      <additional ASSOCIATED_PROJECT_PATH="$USER_HOME$/git/muleAI" />
    </jdk>
    <jdk version="2">
      <name value="Python 3.7 (mantaray2)" />
      <type value="Python SDK" />
      <version value="Python 3.7.1" />
      <homePath value="$USER_HOME$/anaconda3/envs/mantaray2/bin/python" />
      <roots>
        <classPath>
          <root type="composite">
            <root url="file://$USER_HOME$/anaconda3/envs/mantaray2/lib/python3.7" type="simple" />
            <root url="file://$USER_HOME$/anaconda3/envs/mantaray2/lib/python3.7/lib-dynload" type="simple" />
            <root url="file://$USER_HOME$/.local/lib/python3.7/site-packages" type="simple" />
            <root url="file://$USER_HOME$/anaconda3/envs/mantaray2/lib/python3.7/site-packages" type="simple" />
            <root url="file://$USER_HOME$/ocn/squid-py" type="simple" />
            <root url="file://$USER_HOME$/ocn/mantaray_utilities" type="simple" />
            <root url="file://$USER_HOME$/.PyCharm2018.3/system/python_stubs/-1991662467" type="simple" />
            <root url="file://$APPLICATION_HOME_DIR$/helpers/python-skeletons" type="simple" />
            <root url="file://$APPLICATION_HOME_DIR$/helpers/typeshed/stdlib/3" type="simple" />
            <root url="file://$APPLICATION_HOME_DIR$/helpers/typeshed/stdlib/2and3" type="simple" />
            <root url="file://$APPLICATION_HOME_DIR$/helpers/typeshed/third_party/3" type="simple" />
            <root url="file://$APPLICATION_HOME_DIR$/helpers/typeshed/third_party/2and3" type="simple" />
          </root>
        </classPath>
        <sourcePath>
          <root type="composite" />
        </sourcePath>
      </roots>
      <additional ASSOCIATED_PROJECT_PATH="$USER_HOME$/ocn/mantaray" />
    </jdk>
    <jdk version="2">
      <name value="Python 3.7 (py2nb)" />
      <type value="Python SDK" />
      <homePath value="$USER_HOME$/anaconda3/envs/py2nb/bin/python" />
      <roots>
        <classPath>
          <root type="composite">
            <root url="file://$USER_HOME$/anaconda3/envs/py2nb/lib/python3.7" type="simple" />
            <root url="file://$USER_HOME$/anaconda3/envs/py2nb/lib/python3.7/lib-dynload" type="simple" />
            <root url="file://$USER_HOME$/anaconda3/envs/py2nb/lib/python3.7/site-packages" type="simple" />
            <root url="file://$USER_HOME$/.PyCharm2018.2/system/python_stubs/-751606641" type="simple" />
            <root url="file://$APPLICATION_HOME_DIR$/helpers/python-skeletons" type="simple" />
            <root url="file://$APPLICATION_HOME_DIR$/helpers/typeshed/stdlib/3.4" type="simple" />
            <root url="file://$APPLICATION_HOME_DIR$/helpers/typeshed/stdlib/3" type="simple" />
            <root url="file://$APPLICATION_HOME_DIR$/helpers/typeshed/stdlib/2and3" type="simple" />
            <root url="file://$APPLICATION_HOME_DIR$/helpers/typeshed/third_party/3" type="simple" />
            <root url="file://$APPLICATION_HOME_DIR$/helpers/typeshed/third_party/2and3" type="simple" />
          </root>
        </classPath>
        <sourcePath>
          <root type="composite" />
        </sourcePath>
      </roots>
      <additional ASSOCIATED_PROJECT_PATH="$USER_HOME$/ocn/py2nb" />
    </jdk>
    <jdk version="2">
      <name value="Python 3.6 (squidpy_unified)" />
      <type value="Python SDK" />
      <version value="Python 3.6.0" />
      <homePath value="$USER_HOME$/anaconda3/envs/squidpy_unified/bin/python" />
      <roots>
        <classPath>
          <root type="composite">
            <root url="file://$USER_HOME$/anaconda3/envs/squidpy_unified/lib/python3.6" type="simple" />
            <root url="file://$USER_HOME$/anaconda3/envs/squidpy_unified/lib/python3.6/lib-dynload" type="simple" />
            <root url="file://$USER_HOME$/.local/lib/python3.6/site-packages" type="simple" />
            <root url="file://$USER_HOME$/anaconda3/envs/squidpy_unified/lib/python3.6/site-packages" type="simple" />
            <root url="file://$USER_HOME$/.PyCharm2018.2/system/python_stubs/-83777698" type="simple" />
            <root url="file://$APPLICATION_HOME_DIR$/helpers/python-skeletons" type="simple" />
            <root url="file://$APPLICATION_HOME_DIR$/helpers/typeshed/stdlib/3.4" type="simple" />
            <root url="file://$APPLICATION_HOME_DIR$/helpers/typeshed/stdlib/3" type="simple" />
            <root url="file://$APPLICATION_HOME_DIR$/helpers/typeshed/stdlib/2and3" type="simple" />
            <root url="file://$APPLICATION_HOME_DIR$/helpers/typeshed/third_party/3" type="simple" />
            <root url="file://$APPLICATION_HOME_DIR$/helpers/typeshed/third_party/2and3" type="simple" />
          </root>
        </classPath>
        <sourcePath>
          <root type="composite" />
        </sourcePath>
      </roots>
      <additional ASSOCIATED_PROJECT_PATH="$USER_HOME$/ocn/squid-py" />
    </jdk>
    <jdk version="2">
      <name value="Python 3.6 (squidpy_unified3)" />
      <type value="Python SDK" />
      <homePath value="$USER_HOME$/anaconda3/envs/squidpy_unified3/bin/python" />
      <roots>
        <classPath>
          <root type="composite">
            <root url="file://$USER_HOME$/anaconda3/envs/squidpy_unified3/lib/python3.6" type="simple" />
            <root url="file://$USER_HOME$/anaconda3/envs/squidpy_unified3/lib/python3.6/lib-dynload" type="simple" />
            <root url="file://$USER_HOME$/.local/lib/python3.6/site-packages" type="simple" />
            <root url="file://$USER_HOME$/anaconda3/envs/squidpy_unified3/lib/python3.6/site-packages" type="simple" />
            <root url="file://$USER_HOME$/.PyCharm2018.2/system/python_stubs/1509371029" type="simple" />
            <root url="file://$APPLICATION_HOME_DIR$/helpers/python-skeletons" type="simple" />
            <root url="file://$APPLICATION_HOME_DIR$/helpers/typeshed/stdlib/3.4" type="simple" />
            <root url="file://$APPLICATION_HOME_DIR$/helpers/typeshed/stdlib/3" type="simple" />
            <root url="file://$APPLICATION_HOME_DIR$/helpers/typeshed/stdlib/2and3" type="simple" />
            <root url="file://$APPLICATION_HOME_DIR$/helpers/typeshed/third_party/3" type="simple" />
            <root url="file://$APPLICATION_HOME_DIR$/helpers/typeshed/third_party/2and3" type="simple" />
          </root>
        </classPath>
        <sourcePath>
          <root type="composite" />
        </sourcePath>
      </roots>
      <additional ASSOCIATED_PROJECT_PATH="$USER_HOME$/ocn/squid-py" />
    </jdk>
    <jdk version="2">
      <name value="Python 3.7 (mantaray3)" />
      <type value="Python SDK" />
      <homePath value="$USER_HOME$/anaconda3/envs/mantaray3/bin/python" />
      <roots>
        <classPath>
          <root type="composite">
            <root url="file://$USER_HOME$/anaconda3/envs/mantaray3/lib/python3.7" type="simple" />
            <root url="file://$USER_HOME$/anaconda3/envs/mantaray3/lib/python3.7/lib-dynload" type="simple" />
            <root url="file://$USER_HOME$/.local/lib/python3.7/site-packages" type="simple" />
            <root url="file://$USER_HOME$/anaconda3/envs/mantaray3/lib/python3.7/site-packages" type="simple" />
            <root url="file://$USER_HOME$/.PyCharm2018.2/system/python_stubs/-1862579748" type="simple" />
            <root url="file://$APPLICATION_HOME_DIR$/helpers/python-skeletons" type="simple" />
            <root url="file://$APPLICATION_HOME_DIR$/helpers/typeshed/stdlib/3.4" type="simple" />
            <root url="file://$APPLICATION_HOME_DIR$/helpers/typeshed/stdlib/3" type="simple" />
            <root url="file://$APPLICATION_HOME_DIR$/helpers/typeshed/stdlib/2and3" type="simple" />
            <root url="file://$APPLICATION_HOME_DIR$/helpers/typeshed/third_party/3" type="simple" />
            <root url="file://$APPLICATION_HOME_DIR$/helpers/typeshed/third_party/2and3" type="simple" />
          </root>
        </classPath>
        <sourcePath>
          <root type="composite" />
        </sourcePath>
      </roots>
      <additional />
    </jdk>
    <jdk version="2">
      <name value="Python 3.7 (py2jnb)" />
      <type value="Python SDK" />
      <homePath value="$USER_HOME$/anaconda3/envs/py2jnb/bin/python" />
      <roots>
        <classPath>
          <root type="composite">
            <root url="file://$USER_HOME$/anaconda3/envs/py2jnb/lib/python3.7" type="simple" />
            <root url="file://$USER_HOME$/anaconda3/envs/py2jnb/lib/python3.7/lib-dynload" type="simple" />
            <root url="file://$USER_HOME$/.local/lib/python3.7/site-packages" type="simple" />
            <root url="file://$USER_HOME$/anaconda3/envs/py2jnb/lib/python3.7/site-packages" type="simple" />
            <root url="file://$USER_HOME$/.PyCharm2018.2/system/python_stubs/-1740138107" type="simple" />
            <root url="file://$APPLICATION_HOME_DIR$/helpers/python-skeletons" type="simple" />
            <root url="file://$APPLICATION_HOME_DIR$/helpers/typeshed/stdlib/3.4" type="simple" />
            <root url="file://$APPLICATION_HOME_DIR$/helpers/typeshed/stdlib/3" type="simple" />
            <root url="file://$APPLICATION_HOME_DIR$/helpers/typeshed/stdlib/2and3" type="simple" />
            <root url="file://$APPLICATION_HOME_DIR$/helpers/typeshed/third_party/3" type="simple" />
            <root url="file://$APPLICATION_HOME_DIR$/helpers/typeshed/third_party/2and3" type="simple" />
          </root>
        </classPath>
        <sourcePath>
          <root type="composite" />
        </sourcePath>
      </roots>
      <additional ASSOCIATED_PROJECT_PATH="$USER_HOME$/ocn/py2jnb" />
    </jdk>
    <jdk version="2">
      <name value="Python 3.7 (blockscan1)" />
      <type value="Python SDK" />
      <homePath value="$USER_HOME$/anaconda3/envs/blockscan1/bin/python" />
      <roots>
        <classPath>
          <root type="composite">
            <root url="file://$USER_HOME$/anaconda3/envs/blockscan1/lib/python3.7" type="simple" />
            <root url="file://$USER_HOME$/anaconda3/envs/blockscan1/lib/python3.7/lib-dynload" type="simple" />
            <root url="file://$USER_HOME$/.local/lib/python3.7/site-packages" type="simple" />
            <root url="file://$USER_HOME$/anaconda3/envs/blockscan1/lib/python3.7/site-packages" type="simple" />
            <root url="file://$USER_HOME$/.PyCharm2018.2/system/python_stubs/612208019" type="simple" />
            <root url="file://$APPLICATION_HOME_DIR$/helpers/python-skeletons" type="simple" />
            <root url="file://$APPLICATION_HOME_DIR$/helpers/typeshed/stdlib/3.4" type="simple" />
            <root url="file://$APPLICATION_HOME_DIR$/helpers/typeshed/stdlib/3" type="simple" />
            <root url="file://$APPLICATION_HOME_DIR$/helpers/typeshed/stdlib/2and3" type="simple" />
            <root url="file://$APPLICATION_HOME_DIR$/helpers/typeshed/third_party/3" type="simple" />
            <root url="file://$APPLICATION_HOME_DIR$/helpers/typeshed/third_party/2and3" type="simple" />
          </root>
        </classPath>
        <sourcePath>
          <root type="composite" />
        </sourcePath>
      </roots>
      <additional ASSOCIATED_PROJECT_PATH="$USER_HOME$/git/blockscan" />
    </jdk>
    <jdk version="2">
      <name value="Python 3.7 (mantaray)" />
      <type value="Python SDK" />
      <version value="Python 3.7.1" />
      <homePath value="$USER_HOME$/anaconda3/envs/mantaray/bin/python" />
      <roots>
        <classPath>
          <root type="composite">
            <root url="file://$USER_HOME$/anaconda3/envs/mantaray/lib/python3.7" type="simple" />
            <root url="file://$USER_HOME$/anaconda3/envs/mantaray/lib/python3.7/lib-dynload" type="simple" />
            <root url="file://$USER_HOME$/.local/lib/python3.7/site-packages" type="simple" />
            <root url="file://$USER_HOME$/anaconda3/envs/mantaray/lib/python3.7/site-packages" type="simple" />
            <root url="file://$USER_HOME$/anaconda3/envs/mantaray/lib/python3.7/site-packages/mantaray-0.0.1-py3.7.egg" type="simple" />
            <root url="jar://$USER_HOME$/anaconda3/envs/mantaray/lib/python3.7/site-packages/mantaray_utilities-0.0.1-py3.7.egg!/" type="simple" />
            <root url="file://$USER_HOME$/.PyCharm2018.3/system/python_stubs/-1578023625" type="simple" />
            <root url="file://$APPLICATION_HOME_DIR$/helpers/python-skeletons" type="simple" />
            <root url="file://$APPLICATION_HOME_DIR$/helpers/typeshed/stdlib/3" type="simple" />
            <root url="file://$APPLICATION_HOME_DIR$/helpers/typeshed/stdlib/2and3" type="simple" />
            <root url="file://$APPLICATION_HOME_DIR$/helpers/typeshed/third_party/3" type="simple" />
            <root url="file://$APPLICATION_HOME_DIR$/helpers/typeshed/third_party/2and3" type="simple" />
          </root>
        </classPath>
        <sourcePath>
          <root type="composite" />
        </sourcePath>
      </roots>
      <additional ASSOCIATED_PROJECT_PATH="$USER_HOME$/ocn/mantaray" />
    </jdk>
    <jdk version="2">
      <name value="Python 3.7 (squid)" />
      <type value="Python SDK" />
      <homePath value="$USER_HOME$/anaconda3/envs/squid/bin/python3.7" />
      <roots>
        <classPath>
          <root type="composite">
            <root url="file://$USER_HOME$/anaconda3/envs/squid/lib/python3.7" type="simple" />
            <root url="file://$USER_HOME$/anaconda3/envs/squid/lib/python3.7/lib-dynload" type="simple" />
            <root url="file://$USER_HOME$/.local/lib/python3.7/site-packages" type="simple" />
            <root url="file://$USER_HOME$/anaconda3/envs/squid/lib/python3.7/site-packages" type="simple" />
            <root url="file://$USER_HOME$/.PyCharm2018.3/system/python_stubs/1449562114" type="simple" />
            <root url="file://$APPLICATION_HOME_DIR$/helpers/python-skeletons" type="simple" />
            <root url="file://$APPLICATION_HOME_DIR$/helpers/typeshed/stdlib/3" type="simple" />
            <root url="file://$APPLICATION_HOME_DIR$/helpers/typeshed/stdlib/2and3" type="simple" />
            <root url="file://$APPLICATION_HOME_DIR$/helpers/typeshed/third_party/3" type="simple" />
            <root url="file://$APPLICATION_HOME_DIR$/helpers/typeshed/third_party/2and3" type="simple" />
          </root>
        </classPath>
        <sourcePath>
          <root type="composite" />
        </sourcePath>
      </roots>
      <additional ASSOCIATED_PROJECT_PATH="$USER_HOME$/ocn/squid-py" />
    </jdk>
    <jdk version="2">
      <name value="Python 3.7 (my_new_app)" />
      <type value="Python SDK" />
      <version value="Python 3.7.0" />
      <homePath value="$USER_HOME$/virtualenvironment/my_new_app/bin/python" />
      <roots>
        <classPath>
          <root type="composite">
            <root url="file://$USER_HOME$/virtualenvironment/my_new_app/lib/python3.7" type="simple" />
            <root url="file://$USER_HOME$/virtualenvironment/my_new_app/lib/python3.7/lib-dynload" type="simple" />
            <root url="file://$USER_HOME$/anaconda3/lib/python3.7" type="simple" />
            <root url="file://$USER_HOME$/virtualenvironment/my_new_app/lib/python3.7/site-packages" type="simple" />
            <root url="file://$USER_HOME$/ocn/squid-py" type="simple" />
            <root url="file://$USER_HOME$/.PyCharm2018.3/system/python_stubs/-589564922" type="simple" />
            <root url="file://$APPLICATION_HOME_DIR$/helpers/python-skeletons" type="simple" />
            <root url="file://$APPLICATION_HOME_DIR$/helpers/typeshed/stdlib/3" type="simple" />
            <root url="file://$APPLICATION_HOME_DIR$/helpers/typeshed/stdlib/2and3" type="simple" />
            <root url="file://$APPLICATION_HOME_DIR$/helpers/typeshed/third_party/3" type="simple" />
            <root url="file://$APPLICATION_HOME_DIR$/helpers/typeshed/third_party/2and3" type="simple" />
          </root>
        </classPath>
        <sourcePath>
          <root type="composite" />
        </sourcePath>
      </roots>
      <additional ASSOCIATED_PROJECT_PATH="$USER_HOME$/ocn/squid2" />
    </jdk>
    <jdk version="2">
      <name value="Python 3.7 (squid-py)" />
      <type value="Python SDK" />
      <version value="Python 3.7.1" />
      <homePath value="$USER_HOME$/anaconda3/envs/squid-py/bin/python" />
      <roots>
        <classPath>
          <root type="composite">
            <root url="file://$USER_HOME$/anaconda3/envs/squid-py/lib/python3.7" type="simple" />
            <root url="file://$USER_HOME$/anaconda3/envs/squid-py/lib/python3.7/lib-dynload" type="simple" />
            <root url="file://$USER_HOME$/.local/lib/python3.7/site-packages" type="simple" />
            <root url="file://$USER_HOME$/anaconda3/envs/squid-py/lib/python3.7/site-packages" type="simple" />
            <root url="file://$USER_HOME$/.PyCharm2018.3/system/python_stubs/1726382998" type="simple" />
            <root url="file://$APPLICATION_HOME_DIR$/helpers/python-skeletons" type="simple" />
            <root url="file://$APPLICATION_HOME_DIR$/helpers/typeshed/stdlib/3" type="simple" />
            <root url="file://$APPLICATION_HOME_DIR$/helpers/typeshed/stdlib/2and3" type="simple" />
            <root url="file://$APPLICATION_HOME_DIR$/helpers/typeshed/third_party/3" type="simple" />
            <root url="file://$APPLICATION_HOME_DIR$/helpers/typeshed/third_party/2and3" type="simple" />
          </root>
        </classPath>
        <sourcePath>
          <root type="composite" />
        </sourcePath>
      </roots>
      <additional ASSOCIATED_PROJECT_PATH="$USER_HOME$/ocn/squid-py" />
    </jdk>
  </component>
</application>