<application>
  <component name="ActionMacroManager">
    <macro name="logging debug">
      <typing text-keycode="76:0;79:0;71:0;71:0;73:0;78:0;71:0;46:0;68:0;69:0;66:0;85:0;71:0;57:1;222:1;222:1;46:0;70:0;79:0;82:0;77:0;65:0;84:0;57:1;48:1;48:1">logging.debug(&quot;&quot;.format())</typing>
      <action id="EditorLeft" />
      <action id="EditorLeft" />
      <action id="EditorLeft" />
      <action id="EditorLeft" />
      <action id="EditorLeft" />
      <action id="EditorLeft" />
      <action id="EditorLeft" />
      <action id="EditorLeft" />
      <action id="EditorLeft" />
      <action id="EditorLeft" />
      <action id="EditorLeft" />
    </macro>
  </component>
</application>