<application>
  <component name="ActionMacroManager">
    <macro name="logging debug">
      <typing text-keycode="76:0;79:0;71:0;71:0;73:0;78:0;71:0;46:0;68:0;69:0;66:0;85:0;71:0;57:1;222:1;222:1;46:0;70:0;79:0;82:0;77:0;65:0;84:0;57:1;48:1;48:1">logging.debug(&quot;&quot;.format())</typing>
      <action id="EditorLeft" />
      <action id="EditorLeft" />
      <action id="EditorLeft" />
      <action id="EditorLeft" />
      <action id="EditorLeft" />
      <action id="EditorLeft" />
      <action id="EditorLeft" />
      <action id="EditorLeft" />
      <action id="EditorLeft" />
      <action id="EditorLeft" />
      <action id="EditorLeft" />
    </macro>
    <macro name="Run this and next">
      <shortuct text="control HOME" />
      <shortuct text="ESCAPE" />
      <action id="$SelectAll" />
      <action id="ExecuteInPyConsoleAction" />
      <shortuct text="ESCAPE" />
      <shortuct text="control UP" />
      <shortuct text="control HOME" />
      <shortuct text="control RIGHT" />
      <shortuct text="control UP" />
      <shortuct text="control HOME" />
      <shortuct text="alt RIGHT" />
      <shortuct text="control HOME" />
    </macro>
    <macro name="NILE2">
      <shortuct text="ENTER" />
      <typing text-keycode="73:0;77:0;80:0;79:0;82:0;84:0;32:0;79:0;83:0">import&amp;#x20;os</typing>
      <shortuct text="ENTER" />
      <typing text-keycode="79:0;83:0;46:0;69:0;78:0;86:0;73:0;82:0;79:0;78:0;91:0;222:0;79:1;67:1;69:1;65:1;78:1;45:1;73:1;78:1;73:1;45:1;70:1;73:1;76:1;69:1;222:0;93:0;32:0;61:0;32:0;222:1;46:0;67:0;79:0;78:0;70:0;73:0;71:0;45:1;78:0;73:0;76:0;69:0;46:0;73:0;78:0;73:0;222:1">os.environ['OCEAN_INI_FILE']&amp;#x20;=&amp;#x20;&quot;.config_nile.ini&quot;</typing>
      <shortuct text="ENTER" />
    </macro>
    <macro name="NILE3">
      <shortuct text="ENTER" />
      <typing text-keycode="73:0;77:0;80:0;79:0;82:0;84:0;32:0;79:0;83:0">import&amp;#x20;os</typing>
      <shortuct text="ENTER" />
      <typing text-keycode="79:0;83:0;46:0;69:0;78:0;86:0;73:0;82:0;79:0;78:0;91:0;222:0">os.environ['</typing>
      <shortuct text="CAPS_LOCK" />
      <typing text-keycode="79:0;67:0;69:0;65:0;78:0;45:1;67:0;79:0;78:0;70:0;73:0;71:0;45:1;80:0;65:0;84:0;72:0">OCEAN_CONFIG_PATH</typing>
      <shortuct text="CAPS_LOCK" />
      <typing text-keycode="222:0;93:0;32:0;61:0;32:0;222:0;46:0;67:0;79:0;78:0;70:0;73:0;71:0;45:1;78:0;73:0;76:0;69:0;46:0;73:0;78:0;73:0;222:0">']&amp;#x20;=&amp;#x20;'.config_nile.ini'</typing>
      <shortuct text="ENTER" />
    </macro>
    <macro name="Test1">
      <action id="PyExecuteCellAction" />
      <typing text-keycode="75:0;75:0;75:0;75:0">kkkk</typing>
    </macro>
    <macro name="Run Cell and Return">
      <typing text-keycode="74:0;75:0;77:0;65:0">jkma</typing>
      <action id="PyExecuteCellAction" />
      <typing text-keycode="222:0;65:0">'a</typing>
    </macro>
  </component>
</application>