<application>
  <component name="NodeJsLocalInterpreters">
    <local-interpreter path="/usr/bin/node" />
  </component>
  <component name="PropertiesComponent">
    <property name="ActionMacroConfigurationPanel.SPLITTER_PROPORTION" value="0.5" />
    <property name="CommitChangeListDialog.DETAILS_SPLITTER_PROPORTION_2" value="0.6611797" />
    <property name="Copy.OpenInEditor" value="true" />
    <property name="Default.savedEditorTheme" value="_@user_Default" />
    <property name="DocumentationAutoUpdateEnabled" value="true" />
    <property name="ExpandBeforeRunStepsPanel" value="true" />
    <property name="ExpandRunDashboardTypesPanel" value="false" />
    <property name="OpenOrAttachDialog.OpenMode" value="new" />
    <property name="PluginConfigurable.selectionTab" value="1" />
    <property name="PyCharm.InitialConfiguration" value="true" />
    <property name="PyCharm.InitialConfiguration.V2" value="true" />
    <property name="PyCharm.InitialConfiguration.V3" value="true" />
    <property name="PyCharm.InitialConfiguration.V4" value="true" />
    <property name="PyCharm.InitialConfiguration.V5" value="true" />
    <property name="PyCharm.InitialConfiguration.V6" value="true" />
    <property name="PyCharm.InitialConfiguration.V7" value="true" />
    <property name="PyCharm.initialConfigurationShown" value="true" />
    <property name="PythonUnitTestRunner.Splitter.Proportion" value="0.1872749" />
    <property name="PythonUnitTestRunnerSupport.hideIgnoredTests" value="true" />
    <property name="PythonUnitTestRunnerSupport.hidePassedTests" value="false" />
    <property name="SettingsSearchHistory" value="macr&#10;auto&#10;keyb&#10;vim&#10;test" />
    <property name="ShowDocumentationInToolWindow" value="false" />
    <property name="SplitFileEditor.Proportion" value="0.8339605" />
    <property name="TextEditorWithPreview.SplitterProportionKey" value="0.7631857" />
    <property name="evlsprt3.182" value="17" />
    <property name="evlsprt3.183" value="16" />
    <property name="file.chooser.recent.files" value="$USER_HOME$/anaconda3/envs/squid-py/bin/python&#10;/home/batman/git/keras&#10;/home/batman/ocn/squid2&#10;/home/batman/ocn/aquarius&#10;/home/batman/ocn/jupyterlab&#10;/home/batman/ocn/jupyterhub&#10;/home/batman/ocn/mantaray_utilities&#10;/home/batman/ocn/mantaray&#10;/home/batman/virtualenvironment/my_new_app/bin/python&#10;/home/batman/virtualenvironment/my_new_app/bin&#10;/home/batman/ocn/brizo&#10;/home/batman/ocn/keeper-contracts&#10;/home/batman/ocn/squid-py&#10;/home/batman/anaconda3/envs/squid/bin/python3.7&#10;/home/batman/settings_pycharm.jar" />
    <property name="file.gist.reindex.count" value="61849" />
    <property name="fileTypeChangedCounter" value="1" />
    <property name="ideavim.statistics.timestamp" value="1547198197584" />
    <property name="quick.doc.font.size" value="LARGE" />
    <property name="ts.lib.d.ts.version" value="3.2.1" />
  </component>
  <component name="PyTestFrameworkService">
    <option name="SDK_TO_PYTEST">
      <map>
        <entry key="$USER_HOME$/PycharmProjects/test1/venv/bin/python" value="false" />
        <entry key="$USER_HOME$/anaconda3/envs/blockscan1/bin/python" value="false" />
        <entry key="$USER_HOME$/anaconda3/envs/mantaray/bin/python" value="true" />
        <entry key="$USER_HOME$/anaconda3/envs/mantaray1/bin/python" value="true" />
        <entry key="$USER_HOME$/anaconda3/envs/mantaray2/bin/python" value="false" />
        <entry key="$USER_HOME$/anaconda3/envs/mantaray3/bin/python" value="false" />
        <entry key="$USER_HOME$/anaconda3/envs/muleai/bin/python" value="false" />
        <entry key="$USER_HOME$/anaconda3/envs/ocean-web3/bin/python" value="true" />
        <entry key="$USER_HOME$/anaconda3/envs/ocean-web3_new/bin/python" value="false" />
        <entry key="$USER_HOME$/anaconda3/envs/ocn_provider/bin/python" value="true" />
        <entry key="$USER_HOME$/anaconda3/envs/ocn_provider2/bin/python" value="true" />
        <entry key="$USER_HOME$/anaconda3/envs/ocn_provider3/bin/python" value="true" />
        <entry key="$USER_HOME$/anaconda3/envs/ocnprovidertest10/bin/python" value="true" />
        <entry key="$USER_HOME$/anaconda3/envs/ocnprovidertest11/bin/python" value="true" />
        <entry key="$USER_HOME$/anaconda3/envs/ocnprovidertest3/bin/python" value="false" />
        <entry key="$USER_HOME$/anaconda3/envs/osmosis-aws/bin/python" value="true" />
        <entry key="$USER_HOME$/anaconda3/envs/osmosis-driver-interface2/bin/python" value="true" />
        <entry key="$USER_HOME$/anaconda3/envs/provider_ocn/bin/python" value="true" />
        <entry key="$USER_HOME$/anaconda3/envs/py2jnb/bin/python" value="true" />
        <entry key="$USER_HOME$/anaconda3/envs/py2nb/bin/python" value="true" />
        <entry key="$USER_HOME$/anaconda3/envs/sqtestdel/bin/python" value="true" />
        <entry key="$USER_HOME$/anaconda3/envs/squid-py/bin/python" value="true" />
        <entry key="$USER_HOME$/anaconda3/envs/squid/bin/python3.7" value="true" />
        <entry key="$USER_HOME$/anaconda3/envs/squid2/bin/python" value="true" />
        <entry key="$USER_HOME$/anaconda3/envs/squidpy_unified/bin/python" value="true" />
        <entry key="$USER_HOME$/anaconda3/envs/squidpy_unified3/bin/python" value="false" />
        <entry key="$USER_HOME$/ocn/ocean-web3/venv/bin/python" value="true" />
        <entry key="$USER_HOME$/virtualenvironment/my_new_app/bin/python" value="true" />
        <entry key="/usr/bin/python3.7" value="false" />
      </map>
    </option>
    <option name="SDK_TO_NOSETEST">
      <map>
        <entry key="$USER_HOME$/PycharmProjects/test1/venv/bin/python" value="false" />
        <entry key="$USER_HOME$/anaconda3/envs/blockscan1/bin/python" value="false" />
        <entry key="$USER_HOME$/anaconda3/envs/mantaray/bin/python" value="false" />
        <entry key="$USER_HOME$/anaconda3/envs/mantaray1/bin/python" value="false" />
        <entry key="$USER_HOME$/anaconda3/envs/mantaray2/bin/python" value="false" />
        <entry key="$USER_HOME$/anaconda3/envs/mantaray3/bin/python" value="false" />
        <entry key="$USER_HOME$/anaconda3/envs/muleai/bin/python" value="false" />
        <entry key="$USER_HOME$/anaconda3/envs/ocean-web3/bin/python" value="false" />
        <entry key="$USER_HOME$/anaconda3/envs/ocean-web3_new/bin/python" value="false" />
        <entry key="$USER_HOME$/anaconda3/envs/ocn_provider/bin/python" value="false" />
        <entry key="$USER_HOME$/anaconda3/envs/ocn_provider2/bin/python" value="false" />
        <entry key="$USER_HOME$/anaconda3/envs/ocn_provider3/bin/python" value="false" />
        <entry key="$USER_HOME$/anaconda3/envs/ocnprovidertest10/bin/python" value="false" />
        <entry key="$USER_HOME$/anaconda3/envs/ocnprovidertest11/bin/python" value="false" />
        <entry key="$USER_HOME$/anaconda3/envs/ocnprovidertest3/bin/python" value="false" />
        <entry key="$USER_HOME$/anaconda3/envs/osmosis-aws/bin/python" value="false" />
        <entry key="$USER_HOME$/anaconda3/envs/osmosis-driver-interface2/bin/python" value="false" />
        <entry key="$USER_HOME$/anaconda3/envs/py2jnb/bin/python" value="false" />
        <entry key="$USER_HOME$/anaconda3/envs/py2nb/bin/python" value="false" />
        <entry key="$USER_HOME$/anaconda3/envs/sqtestdel/bin/python" value="false" />
        <entry key="$USER_HOME$/anaconda3/envs/squid-py/bin/python" value="false" />
        <entry key="$USER_HOME$/anaconda3/envs/squid/bin/python3.7" value="false" />
        <entry key="$USER_HOME$/anaconda3/envs/squid2/bin/python" value="false" />
        <entry key="$USER_HOME$/anaconda3/envs/squidpy_unified/bin/python" value="false" />
        <entry key="$USER_HOME$/anaconda3/envs/squidpy_unified3/bin/python" value="false" />
        <entry key="$USER_HOME$/ocn/ocean-web3/venv/bin/python" value="false" />
        <entry key="$USER_HOME$/virtualenvironment/my_new_app/bin/python" value="false" />
      </map>
    </option>
    <option name="SDK_TO_TRIALTEST">
      <map>
        <entry key="$USER_HOME$/PycharmProjects/test1/venv/bin/python" value="false" />
        <entry key="$USER_HOME$/anaconda3/envs/blockscan1/bin/python" value="false" />
        <entry key="$USER_HOME$/anaconda3/envs/mantaray/bin/python" value="false" />
        <entry key="$USER_HOME$/anaconda3/envs/mantaray1/bin/python" value="false" />
        <entry key="$USER_HOME$/anaconda3/envs/mantaray2/bin/python" value="false" />
        <entry key="$USER_HOME$/anaconda3/envs/mantaray3/bin/python" value="false" />
        <entry key="$USER_HOME$/anaconda3/envs/muleai/bin/python" value="false" />
        <entry key="$USER_HOME$/anaconda3/envs/ocean-web3/bin/python" value="false" />
        <entry key="$USER_HOME$/anaconda3/envs/ocean-web3_new/bin/python" value="false" />
        <entry key="$USER_HOME$/anaconda3/envs/ocn_provider/bin/python" value="false" />
        <entry key="$USER_HOME$/anaconda3/envs/ocn_provider2/bin/python" value="false" />
        <entry key="$USER_HOME$/anaconda3/envs/ocn_provider3/bin/python" value="false" />
        <entry key="$USER_HOME$/anaconda3/envs/ocnprovidertest10/bin/python" value="false" />
        <entry key="$USER_HOME$/anaconda3/envs/ocnprovidertest11/bin/python" value="false" />
        <entry key="$USER_HOME$/anaconda3/envs/ocnprovidertest3/bin/python" value="false" />
        <entry key="$USER_HOME$/anaconda3/envs/osmosis-aws/bin/python" value="false" />
        <entry key="$USER_HOME$/anaconda3/envs/osmosis-driver-interface2/bin/python" value="false" />
        <entry key="$USER_HOME$/anaconda3/envs/py2jnb/bin/python" value="false" />
        <entry key="$USER_HOME$/anaconda3/envs/py2nb/bin/python" value="false" />
        <entry key="$USER_HOME$/anaconda3/envs/sqtestdel/bin/python" value="false" />
        <entry key="$USER_HOME$/anaconda3/envs/squid-py/bin/python" value="false" />
        <entry key="$USER_HOME$/anaconda3/envs/squid/bin/python3.7" value="false" />
        <entry key="$USER_HOME$/anaconda3/envs/squid2/bin/python" value="false" />
        <entry key="$USER_HOME$/anaconda3/envs/squidpy_unified/bin/python" value="false" />
        <entry key="$USER_HOME$/anaconda3/envs/squidpy_unified3/bin/python" value="false" />
        <entry key="$USER_HOME$/ocn/ocean-web3/venv/bin/python" value="false" />
        <entry key="$USER_HOME$/virtualenvironment/my_new_app/bin/python" value="false" />
      </map>
    </option>
  </component>
</application>