<application>
  <component name="VimSettings">
    <state version="4" enabled="true" />
    <globalmarks />
    <filemarks>
      <file name="$USER_HOME$/ocn/squid-py/squid_py/keeper/contract_base.py" timestamp="1547211581343" />
      <file name="/Python Console" timestamp="1547199378213">
        <mark key="[" line="0" column="0" />
      </file>
      <file name="$USER_HOME$/ocn/squid-py/squid_py/ocean/account.py" timestamp="1547204726456" />
      <file name="$USER_HOME$/ocn/squid-py/squid_py/keeper/contract_handler.py" timestamp="1547211605392" />
      <file name="/LOCAL check_squid" timestamp="1547212588960">
        <mark key="[" line="0" column="0" />
      </file>
      <file name="/Dummy.txt" timestamp="1545400762269">
        <mark key="[" line="0" column="0" />
      </file>
      <file name="$USER_HOME$/ocn/mantaray/ipython_scripts/1_notebooks_blocks/s01_users_and_token.py" timestamp="1547213544876">
        <mark key="d" line="84" column="0" />
        <mark key="[" line="81" column="71" />
        <mark key="]" line="84" column="0" />
        <mark key="." line="84" column="0" />
        <mark key="^" line="84" column="0" />
      </file>
      <file name="$USER_HOME$/ocn/squid-py/tests/secret_store/test_secret_store.py" timestamp="1547204341812" />
      <file name="$USER_HOME$/ocn/squid-py/squid_py/brizo/brizo.py" timestamp="1547205943577" />
      <file name="$USER_HOME$/ocn/squid-py/squid_py/keeper/market.py" timestamp="1547210966449" />
      <file name="$USER_HOME$/ocn/squid-py/squid_py/keeper/token.py" timestamp="1547210985601" />
      <file name="$USER_HOME$/ocn/squid-py/squid_py/ddo/ddo.py" timestamp="1547205422719" />
      <file name="$USER_HOME$/ocn/squid-py/tests/resources/tiers_test.py" timestamp="1547198835520" />
      <file name="$USER_HOME$/ocn/mantaray/config_local.ini" timestamp="1547204209727" />
    </filemarks>
    <jumps>
      <jump line="66" column="46" filename="$USER_HOME$/ocn/mantaray/ipython_scripts/s04_play_squid.py" />
      <jump line="51" column="11" filename="$USER_HOME$/ocn/mantaray/ipython_scripts/s04_play_squid.py" />
      <jump line="89" column="0" filename="$USER_HOME$/ocn/mantaray/ipython_scripts/s04_play_squid.py" />
      <jump line="20" column="7" filename="$USER_HOME$/ocn/mantaray/sample_assets/sample1.json" />
      <jump line="1" column="12" filename="$USER_HOME$/ocn/mantaray/sample_assets/sample1.json" />
      <jump line="0" column="0" filename="$USER_HOME$/ocn/mantaray/sample_assets/sample1.json" />
      <jump line="13" column="18" filename="$USER_HOME$/ocn/mantaray/sample_assets/sample1.json" />
      <jump line="93" column="55" filename="$USER_HOME$/ocn/mantaray/ipython_scripts/s04_play_squid.py" />
      <jump line="4" column="0" filename="$USER_HOME$/ocn/mantaray/ipython_scripts/s00_overview.py" />
      <jump line="6" column="24" filename="$USER_HOME$/ocn/py2jnb/tests/test_conversion_jpuytext.py" />
      <jump line="4" column="12" filename="$USER_HOME$/ocn/py2jnb/samples/hello_cells_spaced.py" />
      <jump line="62" column="26" filename="$USER_HOME$/ocn/py2jnb/tests/test_conversion_jpuytext.py" />
      <jump line="13" column="48" filename="$USER_HOME$/ocn/py2jnb/samples/test_read_simple_percent.py" />
      <jump line="0" column="0" filename="$USER_HOME$/ocn/py2jnb/samples/test_read_simple_percent.py" />
      <jump line="1416" column="0" filename="$USER_HOME$/ocn/py2jnb/samples/test_read_simple_percent.py" />
      <jump line="17" column="0" filename="$USER_HOME$/ocn/py2jnb/samples/test_read_simple_percent.py" />
      <jump line="28" column="0" filename="$USER_HOME$/ocn/mantaray/ipython_scripts/s00_overview.py" />
      <jump line="21" column="29" filename="$USER_HOME$/ocn/mantaray/ipython_scripts/s01_check_aws_s3.py" />
      <jump line="53" column="19" filename="$USER_HOME$/ocn/mantaray/ipython_scripts/s02_check_docker.py" />
      <jump line="11" column="22" filename="$USER_HOME$/ocn/mantaray/ipython_scripts/s03_check_squid.py" />
      <jump line="18" column="12" filename="$USER_HOME$/ocn/mantaray/ipython_scripts/s04_process_catalogue.py" />
      <jump line="181" column="8" filename="$USER_HOME$/ocn/mantaray/ipython_scripts/s05_play_with_your_squid.py" />
      <jump line="22" column="27" filename="$USER_HOME$/ocn/mantaray/ipython_scripts/s00_overview.py" />
      <jump line="26" column="16" filename="$USER_HOME$/ocn/mantaray/ipython_scripts/s00_overview.py" />
      <jump line="6" column="0" filename="$USER_HOME$/ocn/mantaray/ipython_scripts/s00_overview.py" />
      <jump line="18" column="40" filename="$USER_HOME$/ocn/mantaray/ipython_scripts/s00_aws_credentials.py" />
      <jump line="0" column="0" filename="$USER_HOME$/ocn/mantaray/ipython_scripts/s00_aws_credentials.py" />
      <jump line="20" column="0" filename="$USER_HOME$/ocn/mantaray/ipython_scripts/s00_aws_credentials.py" />
      <jump line="23" column="50" filename="$USER_HOME$/ocn/mantaray/ipython_scripts/s00_aws_credentials.py" />
      <jump line="33" column="17" filename="$USER_HOME$/ocn/mantaray/ipython_scripts/s00_aws_credentials.py" />
      <jump line="34" column="22" filename="$USER_HOME$/ocn/mantaray/ipython_scripts/s00_aws_credentials.py" />
      <jump line="11" column="0" filename="$USER_HOME$/ocn/mantaray/ipython_scripts/Superceded/s00_check_docker_hub.py" />
      <jump line="305" column="48" filename="$USER_HOME$/ocn/jupyterhub/setup.py" />
      <jump line="139" column="38" filename="$USER_HOME$/ocn/mantaray/ipython_scripts/1_blocks/s05_play_with_your_squid.py" />
      <jump line="143" column="23" filename="$USER_HOME$/ocn/mantaray/ipython_scripts/1_blocks/s05_play_with_your_squid.py" />
      <jump line="152" column="2" filename="$USER_HOME$/ocn/mantaray/ipython_scripts/1_blocks/s05_play_with_your_squid.py" />
      <jump line="8" column="0" filename="$USER_HOME$/ocn/squid-py/config.ini" />
      <jump line="0" column="0" filename="$USER_HOME$/ocn/squid-py/config.ini" />
      <jump line="18" column="25" filename="$USER_HOME$/ocn/keeper-contracts/setup.py" />
      <jump line="49" column="23" filename="$USER_HOME$/ocn/mantaray/ipython_scripts/0_verify/check_k8s_components.py" />
      <jump line="47" column="5" filename="$USER_HOME$/ocn/mantaray/ipython_scripts/0_verify/check_k8s_components.py" />
      <jump line="24" column="0" filename="$USER_HOME$/ocn/mantaray/config.ini" />
      <jump line="0" column="0" filename="$USER_HOME$/ocn/mantaray/config.ini" />
      <jump line="8" column="63" filename="$USER_HOME$/ocn/mantaray/config_k8s_deployed.ini" />
      <jump line="0" column="0" filename="$USER_HOME$/ocn/mantaray/config_k8s_deployed.ini" />
      <jump line="22" column="0" filename="$USER_HOME$/ocn/mantaray/config_k8s_deployed.ini" />
      <jump line="39" column="105" filename="$USER_HOME$/ocn/mantaray/ipython_scripts/0_verify/check_k8s_components.py" />
      <jump line="103" column="18" filename="$USER_HOME$/ocn/mantaray/ipython_scripts/1_blocks/s05_play_with_your_squid.py" />
      <jump line="123" column="11" filename="$USER_HOME$/ocn/mantaray/ipython_scripts/1_blocks/s05_play_with_your_squid.py" />
      <jump line="134" column="31" filename="$USER_HOME$/ocn/mantaray/ipython_scripts/1_blocks/s05_play_with_your_squid.py" />
      <jump line="104" column="0" filename="$USER_HOME$/ocn/mantaray/ipython_scripts/1_blocks/s05_play_with_your_squid.py" />
      <jump line="168" column="4" filename="$USER_HOME$/ocn/mantaray/ipython_scripts/1_blocks/s05_play_with_your_squid.py" />
      <jump line="191" column="2" filename="$USER_HOME$/ocn/mantaray/ipython_scripts/1_blocks/s05_play_with_your_squid.py" />
      <jump line="196" column="95" filename="$USER_HOME$/ocn/mantaray/ipython_scripts/1_blocks/s05_play_with_your_squid.py" />
      <jump line="197" column="86" filename="$USER_HOME$/ocn/mantaray/ipython_scripts/1_blocks/s05_play_with_your_squid.py" />
      <jump line="199" column="98" filename="$USER_HOME$/ocn/mantaray/ipython_scripts/1_blocks/s05_play_with_your_squid.py" />
      <jump line="173" column="41" filename="$USER_HOME$/ocn/mantaray/ipython_scripts/1_blocks/s05_play_with_your_squid.py" />
      <jump line="37" column="13" filename="$USER_HOME$/ocn/mantaray/.travis.yml" />
      <jump line="0" column="0" filename="$USER_HOME$/ocn/mantaray/.travis.yml" />
      <jump line="70" column="102" filename="$USER_HOME$/ocn/mantaray/README.md" />
      <jump line="90" column="28" filename="$USER_HOME$/ocn/mantaray/ipython_scripts/0_verify/check_docker.py" />
      <jump line="95" column="18" filename="$USER_HOME$/ocn/mantaray/ipython_scripts/0_verify/check_docker.py" />
      <jump line="0" column="3" filename="/a.dummy" />
      <jump line="2" column="0" filename="$USER_HOME$/ocn/mantaray/script_fixtures/logging.py" />
      <jump line="26" column="13" filename="$USER_HOME$/ocn/mantaray/scripts/nb_convert_jupytext.py" />
      <jump line="315" column="39" filename="$USER_HOME$/ocn/squid2/tests/test_ocean.py" />
      <jump line="8" column="2" filename="$USER_HOME$/ocn/mantaray/ipython_scripts/1_blocks/s00_users_and_token.py" />
      <jump line="44" column="17" filename="$USER_HOME$/ocn/mantaray/ipython_scripts/1_blocks/s00_publish_and_register.py" />
      <jump line="4" column="3" filename="$USER_HOME$/ocn/mantaray/script_fixtures/user.py" />
      <jump line="56" column="41" filename="$USER_HOME$/ocn/mantaray/script_fixtures/user.py" />
      <jump line="63" column="18" filename="$USER_HOME$/ocn/mantaray/script_fixtures/user.py" />
      <jump line="118" column="11" filename="$USER_HOME$/ocn/mantaray/ipython_scripts/1_blocks/s00_publish_and_register.py" />
      <jump line="19" column="31" filename="$USER_HOME$/ocn/mantaray/script_fixtures/asset_pretty_print.py" />
      <jump line="64" column="51" filename="$USER_HOME$/ocn/mantaray/ipython_scripts/1_blocks/s00_search_assets.py" />
      <jump line="71" column="35" filename="$USER_HOME$/ocn/mantaray/ipython_scripts/1_blocks/s00_consume_asset.py" />
      <jump line="83" column="124" filename="$USER_HOME$/ocn/mantaray/ipython_scripts/1_blocks/s00_consume_asset.py" />
      <jump line="22" column="0" filename="$USER_HOME$/ocn/mantaray/config_local.ini" />
      <jump line="74" column="50" filename="$USER_HOME$/ocn/mantaray/scripts/nb_convert_jupytext.py" />
      <jump line="42" column="0" filename="$USER_HOME$/ocn/mantaray/ipython_scripts/0_verify/check_squid.py" />
      <jump line="6" column="0" filename="$USER_HOME$/ocn/mantaray/script_fixtures/config.py" />
      <jump line="9" column="32" filename="$USER_HOME$/ocn/mantaray/script_fixtures/config.py" />
      <jump line="8" column="21" filename="$USER_HOME$/ocn/mantaray/script_fixtures/config.py" />
      <jump line="30" column="7" filename="$USER_HOME$/ocn/mantaray/script_fixtures/config.py" />
      <jump line="9" column="38" filename="$USER_HOME$/ocn/mantaray/ipython_scripts/0_verify/check_k8s_components.py" />
      <jump line="28" column="4" filename="$USER_HOME$/ocn/mantaray/utilities_subpackage/mantaray_utilities/config.py" />
      <jump line="12" column="33" filename="$USER_HOME$/ocn/mantaray/ipython_scripts/0_verify/check_k8s_components.py" />
      <jump line="42" column="31" filename="$USER_HOME$/ocn/mantaray/ipython_scripts/1_notebooks_blocks/s03_publish_and_register.py" />
      <jump line="25" column="42" filename="$USER_HOME$/ocn/mantaray/passwords.csv" />
      <jump line="59" column="63" filename="$USER_HOME$/ocn/mantaray_utilities/mantaray_utilities/user.py" />
      <jump line="374" column="59" filename="$USER_HOME$/ocn/squid2/tests/test_ocean.py" />
      <jump line="93" column="121" filename="$USER_HOME$/ocn/mantaray/ipython_scripts/0_notebooks_verify/00 Welcome_To_Manta_Ray.py" />
      <jump line="58" column="62" filename="$USER_HOME$/ocn/mantaray/ipython_scripts/1_notebooks_blocks/s00_check_k8s_components.py" />
      <jump line="60" column="41" filename="$USER_HOME$/ocn/mantaray/ipython_scripts/1_notebooks_blocks/s02_search_assets.py" />
      <jump line="127" column="12" filename="$USER_HOME$/ocn/mantaray/ipython_scripts/1_notebooks_blocks/s02_search_assets.py" />
      <jump line="537" column="16" filename="$USER_HOME$/ocn/squid2/squid_py/ocean/ocean.py" />
      <jump line="130" column="27" filename="$USER_HOME$/ocn/mantaray/ipython_scripts/1_notebooks_blocks/s02_search_assets.py" />
      <jump line="129" column="115" filename="$USER_HOME$/ocn/mantaray/ipython_scripts/1_notebooks_blocks/s02_search_assets.py" />
      <jump line="54" column="43" filename="$USER_HOME$/ocn/mantaray_utilities/mantaray_utilities/config.py" />
      <jump line="79" column="54" filename="$USER_HOME$/ocn/mantaray_utilities/mantaray_utilities/config.py" />
      <jump line="0" column="0" filename="$USER_HOME$/ocn/mantaray_utilities/mantaray_utilities/config.py" />
    </jumps>
    <registers>
      <register name="&quot;" type="2">
        <text encoding="base64">Cg==</text>
      </register>
      <register name="j" type="4">
        <text>k</text>
      </register>
      <register name="k" type="4">
        <text>g@i`[w</text>
      </register>
      <register name="-" type="4">
        <text>this_account.address, this_account.ocean_balance</text>
      </register>
      <register name="/" type="4">
        <text encoding="base64">XDxIb3dldmVyXD4=</text>
      </register>
      <register name="0" type="2">
        <text encoding="base64">bG9nZ2luZy5jcml0aWNhbCgiRGVwbG95bWVudCB0eXBlOiB7fSIuZm9ybWF0KG1hbnRhX2NvbmZpZy5nZXRfZGVwbG95bWVudF90eXBlKCkpKQo=</text>
      </register>
      <register name="1" type="2">
        <text encoding="base64">Cg==</text>
      </register>
      <register name="q" type="4">
        <text>0wwd$jkj</text>
      </register>
      <register name="2" type="2">
        <text encoding="base64">IyAK</text>
      </register>
      <register name="3" type="2">
        <text encoding="base64">IyAlJSBbbWFya2Rvd25dCg==</text>
      </register>
      <register name="4" type="2">
        <text encoding="base64">Iwo=</text>
      </register>
      <register name="5" type="2">
        <text encoding="base64">IyAlJSBbbWFjcm9dCg==</text>
      </register>
      <register name="6" type="2">
        <text encoding="base64">bWFjCg==</text>
      </register>
      <register name="7" type="2">
        <text encoding="base64">IyAlJSBbbWFjcm9dCg==</text>
      </register>
      <register name="w" type="4">
        <keys>
          <key char="119" code="0" mods="0" />
          <key char="119" code="0" mods="0" />
          <key char="99" code="0" mods="0" />
          <key char="105" code="0" mods="0" />
          <key char="119" code="0" mods="0" />
          <key char="100" code="0" mods="0" />
          <key char="101" code="0" mods="0" />
          <key char="98" code="0" mods="0" />
          <key char="117" code="0" mods="0" />
          <key char="103" code="0" mods="0" />
          <key char="65535" code="27" mods="0" />
          <key char="106" code="0" mods="0" />
          <key char="107" code="0" mods="0" />
          <key char="107" code="0" mods="0" />
          <key char="107" code="0" mods="0" />
          <key char="107" code="0" mods="0" />
          <key char="100" code="0" mods="0" />
          <key char="100" code="0" mods="0" />
          <key char="106" code="0" mods="0" />
          <key char="106" code="0" mods="0" />
          <key char="107" code="0" mods="0" />
          <key char="106" code="0" mods="0" />
          <key char="106" code="0" mods="0" />
          <key char="86" code="0" mods="0" />
          <key char="106" code="0" mods="0" />
          <key char="107" code="0" mods="0" />
          <key char="66" code="0" mods="0" />
          <key char="119" code="0" mods="0" />
          <key char="119" code="0" mods="0" />
          <key char="65535" code="27" mods="0" />
          <key char="99" code="0" mods="0" />
          <key char="105" code="0" mods="0" />
          <key char="119" code="0" mods="0" />
          <key char="105" code="0" mods="0" />
          <key char="110" code="0" mods="0" />
          <key char="102" code="0" mods="0" />
          <key char="111" code="0" mods="0" />
          <key char="65535" code="27" mods="0" />
          <key char="99" code="0" mods="0" />
          <key char="105" code="0" mods="0" />
          <key char="119" code="0" mods="0" />
          <key char="105" code="0" mods="0" />
          <key char="110" code="0" mods="0" />
          <key char="102" code="0" mods="0" />
          <key char="111" code="0" mods="0" />
          <key char="65535" code="27" mods="0" />
          <key char="121" code="0" mods="0" />
          <key char="121" code="0" mods="0" />
          <key char="112" code="0" mods="0" />
          <key char="106" code="0" mods="0" />
          <key char="107" code="0" mods="0" />
          <key char="65" code="0" mods="0" />
          <key char="65535" code="27" mods="0" />
          <key char="106" code="0" mods="0" />
          <key char="107" code="0" mods="0" />
          <key char="107" code="0" mods="0" />
          <key char="107" code="0" mods="0" />
          <key char="107" code="0" mods="0" />
          <key char="106" code="0" mods="0" />
          <key char="105" code="0" mods="0" />
          <key char="65535" code="10" mods="0" />
          <key char="65535" code="27" mods="0" />
          <key char="99" code="0" mods="0" />
          <key char="105" code="0" mods="0" />
          <key char="119" code="0" mods="0" />
          <key char="65535" code="8" mods="0" />
          <key char="65535" code="8" mods="0" />
          <key char="65" code="0" mods="0" />
          <key char="117" code="0" mods="0" />
          <key char="116" code="0" mods="0" />
          <key char="104" code="0" mods="0" />
          <key char="101" code="0" mods="0" />
          <key char="110" code="0" mods="0" />
          <key char="116" code="0" mods="0" />
          <key char="105" code="0" mods="0" />
          <key char="114" code="0" mods="0" />
          <key char="65535" code="8" mods="0" />
          <key char="102" code="0" mods="0" />
          <key char="105" code="0" mods="0" />
          <key char="99" code="0" mods="0" />
          <key char="97" code="0" mods="0" />
          <key char="116" code="0" mods="0" />
          <key char="105" code="0" mods="0" />
          <key char="111" code="0" mods="0" />
          <key char="110" code="0" mods="0" />
          <key char="32" code="0" mods="0" />
          <key char="65535" code="8" mods="0" />
          <key char="65535" code="27" mods="0" />
          <key char="108" code="0" mods="0" />
          <key char="108" code="0" mods="0" />
          <key char="108" code="0" mods="0" />
          <key char="108" code="0" mods="0" />
          <key char="108" code="0" mods="0" />
          <key char="108" code="0" mods="0" />
          <key char="108" code="0" mods="0" />
          <key char="108" code="0" mods="0" />
          <key char="108" code="0" mods="0" />
          <key char="108" code="0" mods="0" />
          <key char="108" code="0" mods="0" />
          <key char="108" code="0" mods="0" />
          <key char="108" code="0" mods="0" />
          <key char="108" code="0" mods="0" />
          <key char="108" code="0" mods="0" />
          <key char="108" code="0" mods="0" />
          <key char="108" code="0" mods="0" />
          <key char="108" code="0" mods="0" />
          <key char="108" code="0" mods="0" />
          <key char="108" code="0" mods="0" />
          <key char="108" code="0" mods="0" />
          <key char="108" code="0" mods="0" />
          <key char="108" code="0" mods="0" />
          <key char="108" code="0" mods="0" />
          <key char="108" code="0" mods="0" />
          <key char="108" code="0" mods="0" />
          <key char="99" code="0" mods="0" />
          <key char="105" code="0" mods="0" />
          <key char="119" code="0" mods="0" />
          <key char="97" code="0" mods="0" />
          <key char="117" code="0" mods="0" />
          <key char="116" code="0" mods="0" />
          <key char="104" code="0" mods="0" />
          <key char="65535" code="27" mods="0" />
          <key char="107" code="0" mods="0" />
          <key char="105" code="0" mods="0" />
          <key char="108" code="0" mods="0" />
          <key char="103" code="0" mods="0" />
          <key char="105" code="0" mods="0" />
          <key char="65535" code="27" mods="0" />
          <key char="121" code="0" mods="0" />
          <key char="121" code="0" mods="0" />
          <key char="107" code="0" mods="0" />
          <key char="112" code="0" mods="0" />
          <key char="119" code="0" mods="0" />
          <key char="119" code="0" mods="0" />
          <key char="119" code="0" mods="0" />
          <key char="119" code="0" mods="0" />
          <key char="67" code="0" mods="0" />
          <key char="65535" code="27" mods="0" />
          <key char="117" code="0" mods="0" />
          <key char="117" code="0" mods="0" />
          <key char="99" code="0" mods="0" />
          <key char="105" code="0" mods="0" />
          <key char="119" code="0" mods="0" />
          <key char="109" code="0" mods="0" />
          <key char="101" code="0" mods="0" />
          <key char="116" code="0" mods="0" />
          <key char="97" code="0" mods="0" />
          <key char="115" code="0" mods="0" />
          <key char="115" code="0" mods="0" />
          <key char="65535" code="8" mods="0" />
          <key char="65535" code="8" mods="0" />
          <key char="84" code="0" mods="0" />
          <key char="111" code="0" mods="0" />
          <key char="107" code="0" mods="0" />
          <key char="101" code="0" mods="0" />
          <key char="106" code="0" mods="0" />
          <key char="107" code="0" mods="0" />
          <key char="106" code="0" mods="0" />
          <key char="107" code="0" mods="0" />
          <key char="65535" code="27" mods="0" />
          <key char="106" code="0" mods="0" />
          <key char="106" code="0" mods="0" />
          <key char="107" code="0" mods="0" />
          <key char="65535" code="27" mods="0" />
          <key char="65535" code="27" mods="0" />
          <key char="106" code="0" mods="0" />
          <key char="99" code="0" mods="0" />
          <key char="105" code="0" mods="0" />
          <key char="119" code="0" mods="0" />
          <key char="84" code="0" mods="0" />
          <key char="111" code="0" mods="0" />
          <key char="107" code="0" mods="0" />
          <key char="101" code="0" mods="0" />
          <key char="110" code="0" mods="0" />
          <key char="65535" code="27" mods="0" />
          <key char="87" code="0" mods="0" />
          <key char="87" code="0" mods="0" />
          <key char="87" code="0" mods="0" />
          <key char="66" code="0" mods="0" />
          <key char="119" code="0" mods="0" />
          <key char="119" code="0" mods="0" />
          <key char="119" code="0" mods="0" />
          <key char="119" code="0" mods="0" />
          <key char="119" code="0" mods="0" />
          <key char="99" code="0" mods="0" />
          <key char="105" code="0" mods="0" />
          <key char="119" code="0" mods="0" />
          <key char="116" code="0" mods="0" />
          <key char="105" code="0" mods="0" />
          <key char="111" code="0" mods="0" />
          <key char="111" code="0" mods="0" />
          <key char="107" code="0" mods="0" />
          <key char="101" code="0" mods="0" />
          <key char="110" code="0" mods="0" />
          <key char="65535" code="27" mods="0" />
          <key char="107" code="0" mods="0" />
          <key char="100" code="0" mods="0" />
          <key char="100" code="0" mods="0" />
          <key char="106" code="0" mods="0" />
          <key char="106" code="0" mods="0" />
          <key char="107" code="0" mods="0" />
          <key char="66" code="0" mods="0" />
          <key char="66" code="0" mods="0" />
          <key char="98" code="0" mods="0" />
          <key char="99" code="0" mods="0" />
          <key char="105" code="0" mods="0" />
          <key char="119" code="0" mods="0" />
          <key char="65" code="0" mods="0" />
          <key char="117" code="0" mods="0" />
          <key char="104" code="0" mods="0" />
          <key char="116" code="0" mods="0" />
          <key char="65535" code="8" mods="0" />
          <key char="65535" code="8" mods="0" />
          <key char="116" code="0" mods="0" />
          <key char="104" code="0" mods="0" />
          <key char="101" code="0" mods="0" />
          <key char="110" code="0" mods="0" />
          <key char="116" code="0" mods="0" />
          <key char="105" code="0" mods="0" />
          <key char="102" code="0" mods="0" />
          <key char="105" code="0" mods="0" />
          <key char="99" code="0" mods="0" />
          <key char="97" code="0" mods="0" />
          <key char="116" code="0" mods="0" />
          <key char="105" code="0" mods="0" />
          <key char="111" code="0" mods="0" />
          <key char="110" code="0" mods="0" />
          <key char="65535" code="27" mods="0" />
          <key char="106" code="0" mods="0" />
          <key char="106" code="0" mods="0" />
          <key char="107" code="0" mods="0" />
          <key char="107" code="0" mods="0" />
          <key char="106" code="0" mods="0" />
          <key char="97" code="0" mods="0" />
          <key char="97" code="0" mods="0" />
          <key char="97" code="0" mods="0" />
          <key char="97" code="0" mods="0" />
          <key char="97" code="0" mods="0" />
          <key char="97" code="0" mods="0" />
          <key char="97" code="0" mods="0" />
          <key char="97" code="0" mods="0" />
          <key char="97" code="0" mods="0" />
          <key char="97" code="0" mods="0" />
          <key char="97" code="0" mods="0" />
          <key char="97" code="0" mods="0" />
          <key char="97" code="0" mods="0" />
          <key char="97" code="0" mods="0" />
          <key char="65535" code="27" mods="0" />
          <key char="117" code="0" mods="0" />
          <key char="117" code="0" mods="0" />
          <key char="119" code="0" mods="0" />
          <key char="119" code="0" mods="0" />
          <key char="119" code="0" mods="0" />
          <key char="105" code="0" mods="0" />
          <key char="65535" code="27" mods="0" />
          <key char="108" code="0" mods="0" />
          <key char="97" code="0" mods="0" />
          <key char="58" code="0" mods="0" />
          <key char="60" code="0" mods="0" />
          <key char="51" code="0" mods="0" />
          <key char="48" code="0" mods="0" />
          <key char="65535" code="8" mods="0" />
          <key char="65535" code="8" mods="0" />
          <key char="65535" code="8" mods="0" />
          <key char="62" code="0" mods="0" />
          <key char="51" code="0" mods="0" />
          <key char="48" code="0" mods="0" />
          <key char="65535" code="27" mods="0" />
          <key char="121" code="0" mods="0" />
          <key char="105" code="0" mods="0" />
          <key char="125" code="0" mods="0" />
          <key char="107" code="0" mods="0" />
          <key char="98" code="0" mods="0" />
          <key char="98" code="0" mods="0" />
          <key char="98" code="0" mods="0" />
          <key char="98" code="0" mods="0" />
          <key char="112" code="0" mods="0" />
          <key char="106" code="0" mods="0" />
          <key char="104" code="0" mods="0" />
          <key char="104" code="0" mods="0" />
          <key char="104" code="0" mods="0" />
          <key char="104" code="0" mods="0" />
          <key char="121" code="0" mods="0" />
          <key char="105" code="0" mods="0" />
          <key char="125" code="0" mods="0" />
          <key char="107" code="0" mods="0" />
          <key char="107" code="0" mods="0" />
          <key char="34" code="0" mods="0" />
          <key char="114" code="0" mods="0" />
          <key char="101" code="0" mods="0" />
          <key char="103" code="0" mods="0" />
          <key char="106" code="0" mods="0" />
          <key char="107" code="0" mods="0" />
          <key char="106" code="0" mods="0" />
          <key char="107" code="0" mods="0" />
          <key char="106" code="0" mods="0" />
          <key char="107" code="0" mods="0" />
          <key char="106" code="0" mods="0" />
          <key char="107" code="0" mods="0" />
          <key char="58" code="0" mods="0" />
          <key char="114" code="0" mods="0" />
          <key char="101" code="0" mods="0" />
          <key char="103" code="0" mods="0" />
          <key char="65535" code="10" mods="0" />
          <key char="107" code="0" mods="0" />
          <key char="121" code="0" mods="0" />
          <key char="105" code="0" mods="0" />
          <key char="119" code="0" mods="0" />
          <key char="65535" code="27" mods="0" />
          <key char="120" code="0" mods="0" />
          <key char="106" code="0" mods="0" />
          <key char="107" code="0" mods="0" />
          <key char="121" code="0" mods="0" />
          <key char="105" code="0" mods="0" />
          <key char="125" code="0" mods="0" />
          <key char="108" code="0" mods="0" />
          <key char="58" code="0" mods="0" />
          <key char="114" code="0" mods="0" />
          <key char="101" code="0" mods="0" />
          <key char="103" code="0" mods="0" />
          <key char="65535" code="10" mods="0" />
          <key char="106" code="0" mods="0" />
          <key char="107" code="0" mods="0" />
          <key char="107" code="0" mods="0" />
          <key char="121" code="0" mods="0" />
          <key char="105" code="0" mods="0" />
          <key char="106" code="0" mods="0" />
          <key char="107" code="0" mods="0" />
          <key char="58" code="0" mods="0" />
        </keys>
      </register>
      <register name="8" type="2">
        <text encoding="base64">IyBUaGUgT2NlYW4gQVBJIG9iamVjdCAK</text>
      </register>
      <register name="9" type="2">
        <text encoding="base64">IyBUaGUgT2NlYW4gQVBJLCBkdXJpbmcgZGV2ZWxvcG1lbnQsIHF1ZXJpZXMgdGhlIGJsb2NrY2hhaW4gdG8gcmV0dXJuIGFsbCBjcmVhdGVkIChzaW11bGF0ZWQpIGFjY291bnRzOwo=</text>
      </register>
      <register name=":" type="4">
        <text>reg</text>
      </register>
    </registers>
    <search>
      <last-search encoding="base64">XDxIb3dldmVyXD4=</last-search>
      <last-offset />
      <last-pattern encoding="base64">XDxIb3dldmVyXD4=</last-pattern>
      <last-replace># %%</last-replace>
      <last-substitute>#%%</last-substitute>
      <last-dir>-1</last-dir>
      <show-last>false</show-last>
    </search>
    <history>
      <history-search>
        <entry encoding="base64">XDxmcm9tXD4=</entry>
        <entry encoding="base64">XDxidWNrZXRzXD4=</entry>
        <entry encoding="base64">XDxjb252ZXJ0ZXJcPg==</entry>
        <entry encoding="base64">XDxtYW50YXJheTNcPg==</entry>
        <entry>2</entry>
        <entry encoding="base64">XDxmb3JtYXRcPg==</entry>
        <entry>pat</entry>
        <entry encoding="base64">XDxzdHNcPg==</entry>
        <entry>%%</entry>
        <entry encoding="base64">XDxrd2FyZ3NcPg==</entry>
        <entry encoding="base64">XDxmb3JtYXRfbmFtZVw+</entry>
        <entry>%s</entry>
        <entry>#%%</entry>
        <entry encoding="base64">XDxzZWNyZXRfc3RvcmVfZG5zXD4=</entry>
        <entry encoding="base64">XDxUaGlzXD4=</entry>
        <entry encoding="base64">XDxUaGVcPg==</entry>
        <entry encoding="base64">XDwjXD4=</entry>
        <entry encoding="base64">XDxwYXJlbnRzXD4=</entry>
        <entry encoding="base64">XDxzdGF0dXNfY29kZVw+</entry>
        <entry encoding="base64">XDxIb3dldmVyXD4=</entry>
      </history-search>
      <history-cmd>
        <entry>ewg</entry>
        <entry>normal ysiw*</entry>
        <entry>normal itest</entry>
        <entry encoding="base64">JzwsJz5zb3J0</entry>
        <entry>w</entry>
        <entry>action Macro.surround_with_single_quote</entry>
        <entry>action Macro.surround_with_double_quote</entry>
        <entry>action Macro.surround_undo_single_quote</entry>
        <entry>%s/#%%/# %%</entry>
        <entry>s%/#%%/# %%</entry>
        <entry>%s/#%%/# %%/g</entry>
        <entry>visual</entry>
        <entry>blockwise-visual</entry>
        <entry>Visual</entry>
        <entry>call append(line(&quot;.&quot;)-1, repeat([&quot;&quot;], v:count1))</entry>
        <entry>nmap</entry>
        <entry>xmap</entry>
        <entry>call append(line(&quot;.&quot;),   repeat([&quot;&quot;], v:count1))</entry>
        <entry>registers</entry>
        <entry>reg</entry>
      </history-cmd>
      <history-expr />
      <history-input />
    </history>
    <shortcut-conflicts>
      <shortcut-conflict owner="ide">
        <text>ctrl pressed C</text>
      </shortcut-conflict>
      <shortcut-conflict owner="ide">
        <text>ctrl pressed V</text>
      </shortcut-conflict>
      <shortcut-conflict owner="ide">
        <text>ctrl pressed F</text>
      </shortcut-conflict>
      <shortcut-conflict owner="vim">
        <text>ctrl pressed S</text>
      </shortcut-conflict>
      <shortcut-conflict owner="ide">
        <text>ctrl pressed X</text>
      </shortcut-conflict>
      <shortcut-conflict owner="vim">
        <text>ctrl pressed W</text>
      </shortcut-conflict>
      <shortcut-conflict owner="vim">
        <text>ctrl pressed B</text>
      </shortcut-conflict>
      <shortcut-conflict owner="vim">
        <text>ctrl pressed A</text>
      </shortcut-conflict>
      <shortcut-conflict owner="vim">
        <text>ctrl pressed I</text>
      </shortcut-conflict>
      <shortcut-conflict owner="vim">
        <text>ctrl pressed Y</text>
      </shortcut-conflict>
      <shortcut-conflict owner="vim">
        <text>ctrl pressed E</text>
      </shortcut-conflict>
      <shortcut-conflict owner="vim">
        <text>ctrl pressed U</text>
      </shortcut-conflict>
      <shortcut-conflict owner="vim">
        <text>ctrl pressed R</text>
      </shortcut-conflict>
      <shortcut-conflict owner="vim">
        <text>ctrl pressed Q</text>
      </shortcut-conflict>
      <shortcut-conflict owner="vim">
        <text>ctrl pressed CLOSE_BRACKET</text>
      </shortcut-conflict>
      <shortcut-conflict owner="vim">
        <text>ctrl pressed P</text>
      </shortcut-conflict>
      <shortcut-conflict owner="vim">
        <text>ctrl pressed D</text>
      </shortcut-conflict>
      <shortcut-conflict owner="vim">
        <text>ctrl pressed 2</text>
      </shortcut-conflict>
    </shortcut-conflicts>
  </component>
</application>